2,1,f4T3gh9sEFPUmFWzXnZ/OF3wRck=,tFqDk4AkINsMo58YlSH/QlXT8dU=
1,1,f4T3gh9sEFPUmFWzXnZ/OF3wRck=,tFqDk4AkINsMo58YlSH/QlXT8dU=
2,2,f4T3gh9sEFPUmFWzXnZ/OF3wRck=,tFqDk4AkINsMo58YlSH/QlXT8dU=
1,2,f4T3gh9sEFPUmFWzXnZ/OF3wRck=,tFqDk4AkINsMo58YlSH/QlXT8dU=
2,4,N0YHk+Q1YunweoHtD3Q2V9tkrFU=,dITA9vwo77zYmeCx0IpeKM461Q4=
1,3,N0YHk+Q1YunweoHtD3Q2V9tkrFU=,tFqDk4AkINsMo58YlSH/QlXT8dU=
1,4,N0YHk+Q1YunweoHtD3Q2V9tkrFU=,nC3D34WaMrMZooEutg54Me/WwO8=
2,3,N0YHk+Q1YunweoHtD3Q2V9tkrFU=,tFqDk4AkINsMo58YlSH/QlXT8dU=
2,5,N0YHk+Q1YunweoHtD3Q2V9tkrFU=,dITA9vwo77zYmeCx0IpeKM461Q4=
1,5,kQpz84Rtb7mGYP1BeruxCHv14Y4=,nC3D34WaMrMZooEutg54Me/WwO8=
2,6,kQpz84Rtb7mGYP1BeruxCHv14Y4=,TVoE5ES3RrCSmAl9SnYVBL96Y4E=
1,6,kQpz84Rtb7mGYP1BeruxCHv14Y4=,DZuZuzjOiCGIoE/QSDoKbN7kwY4=
1,8,kQpz84Rtb7mGYP1BeruxCHv14Y4=,sCSU2Guscp4tLJA0nZBS67Gw20g=
2,8,kQpz84Rtb7mGYP1BeruxCHv14Y4=,0lK1mYofsNbxqBphewu1QUYL0LM=
1,7,kQpz84Rtb7mGYP1BeruxCHv14Y4=,DZuZuzjOiCGIoE/QSDoKbN7kwY4=
2,7,kQpz84Rtb7mGYP1BeruxCHv14Y4=,TVoE5ES3RrCSmAl9SnYVBL96Y4E=
2,9,/APclOxGauy3sZkEvRKQNqmJpEc=,0lK1mYofsNbxqBphewu1QUYL0LM=
1,9,/APclOxGauy3sZkEvRKQNqmJpEc=,sCSU2Guscp4tLJA0nZBS67Gw20g=
1,10,/APclOxGauy3sZkEvRKQNqmJpEc=,wnRCkMmOV1kTWhWZb3o/K2H4I+4=
2,10,/APclOxGauy3sZkEvRKQNqmJpEc=,wnRCkMmOV1kTWhWZb3o/K2H4I+4=
2,12,wMZZHgInG8idCMX6Ae3neerU4lI=,BTkofbGH7K4J2r03P1exV9+WV0g=
2,11,wMZZHgInG8idCMX6Ae3neerU4lI=,wnRCkMmOV1kTWhWZb3o/K2H4I+4=
1,12,wMZZHgInG8idCMX6Ae3neerU4lI=,zFSy4GHXqaLRTdjGhW7zpAiYu9Y=
1,11,wMZZHgInG8idCMX6Ae3neerU4lI=,wnRCkMmOV1kTWhWZb3o/K2H4I+4=
1,13,wMZZHgInG8idCMX6Ae3neerU4lI=,zFSy4GHXqaLRTdjGhW7zpAiYu9Y=
2,13,Lte2B2A+a760pvEvCSDQ+hwhHq4=,BTkofbGH7K4J2r03P1exV9+WV0g=
1,14,Lte2B2A+a760pvEvCSDQ+hwhHq4=,zFSy4GHXqaLRTdjGhW7zpAiYu9Y=
2,14,Lte2B2A+a760pvEvCSDQ+hwhHq4=,1yAGfRBGx+gpXA19gYMk2HWZJ1Y=
4,14,WdJuWOhVzG72RNT9kNUIbEPlzg4=,xyp4DrEi1LWduAtHDsOwtPWlfL4=
3,13,WdJuWOhVzG72RNT9kNUIbEPlzg4=,BTkofbGH7K4J2r03P1exV9+WV0g=
3,14,WdJuWOhVzG72RNT9kNUIbEPlzg4=,1yAGfRBGx+gpXA19gYMk2HWZJ1Y=
4,13,gjgQyxRGTDrIx5K10Y2wJCi5BUQ=,BTkofbGH7K4J2r03P1exV9+WV0g=
4,12,gjgQyxRGTDrIx5K10Y2wJCi5BUQ=,BTkofbGH7K4J2r03P1exV9+WV0g=
3,12,gjgQyxRGTDrIx5K10Y2wJCi5BUQ=,BTkofbGH7K4J2r03P1exV9+WV0g=
4,11,gjgQyxRGTDrIx5K10Y2wJCi5BUQ=,BTkofbGH7K4J2r03P1exV9+WV0g=
3,11,iuW5+hsYnBl3oLd2p+i7uJ/EVa0=,wnRCkMmOV1kTWhWZb3o/K2H4I+4=
4,10,iuW5+hsYnBl3oLd2p+i7uJ/EVa0=,BTkofbGH7K4J2r03P1exV9+WV0g=
3,9,iuW5+hsYnBl3oLd2p+i7uJ/EVa0=,0lK1mYofsNbxqBphewu1QUYL0LM=
3,10,iuW5+hsYnBl3oLd2p+i7uJ/EVa0=,wnRCkMmOV1kTWhWZb3o/K2H4I+4=
4,9,iuW5+hsYnBl3oLd2p+i7uJ/EVa0=,TVoE5ES3RrCSmAl9SnYVBL96Y4E=
4,8,TKJXZi3MJK8vVMsuw5tVTqiC77g=,TVoE5ES3RrCSmAl9SnYVBL96Y4E=
4,7,TKJXZi3MJK8vVMsuw5tVTqiC77g=,TVoE5ES3RrCSmAl9SnYVBL96Y4E=
3,8,TKJXZi3MJK8vVMsuw5tVTqiC77g=,0lK1mYofsNbxqBphewu1QUYL0LM=
3,7,TKJXZi3MJK8vVMsuw5tVTqiC77g=,TVoE5ES3RrCSmAl9SnYVBL96Y4E=
3,6,TKJXZi3MJK8vVMsuw5tVTqiC77g=,TVoE5ES3RrCSmAl9SnYVBL96Y4E=
3,5,TKJXZi3MJK8vVMsuw5tVTqiC77g=,dITA9vwo77zYmeCx0IpeKM461Q4=
4,6,TKJXZi3MJK8vVMsuw5tVTqiC77g=,TVoE5ES3RrCSmAl9SnYVBL96Y4E=
4,5,TKJXZi3MJK8vVMsuw5tVTqiC77g=,8mfxLXUHZWnNVKZRHxmW6Xe5bKU=
3,3,pdaZfaEFpq/j8DDXdVWjvtC3s78=,tFqDk4AkINsMo58YlSH/QlXT8dU=
3,4,pdaZfaEFpq/j8DDXdVWjvtC3s78=,dITA9vwo77zYmeCx0IpeKM461Q4=
4,4,pdaZfaEFpq/j8DDXdVWjvtC3s78=,8mfxLXUHZWnNVKZRHxmW6Xe5bKU=
4,3,pdaZfaEFpq/j8DDXdVWjvtC3s78=,d492yw3VjTCerZcy3NBeTuf3+x8=
4,2,pdaZfaEFpq/j8DDXdVWjvtC3s78=,d492yw3VjTCerZcy3NBeTuf3+x8=
4,1,gFPSdILye53X8grO4+0IQhAoUZk=,kZvYTJ12cpzv4jeVI3q+2uGcBNw=
3,2,gFPSdILye53X8grO4+0IQhAoUZk=,tFqDk4AkINsMo58YlSH/QlXT8dU=
3,1,gFPSdILye53X8grO4+0IQhAoUZk=,tFqDk4AkINsMo58YlSH/QlXT8dU=
6,1,gFPSdILye53X8grO4+0IQhAoUZk=,L4YVFeuuaQ2J12KR3RofKee9ZcA=
5,2,gFPSdILye53X8grO4+0IQhAoUZk=,d492yw3VjTCerZcy3NBeTuf3+x8=
6,2,gFPSdILye53X8grO4+0IQhAoUZk=,JMX+/cXsgBOWhTPTMgTHgLuqddw=
5,1,gFPSdILye53X8grO4+0IQhAoUZk=,kZvYTJ12cpzv4jeVI3q+2uGcBNw=
5,3,pCtE0OC5YckdjgtaT+wR4HsTpfs=,d492yw3VjTCerZcy3NBeTuf3+x8=
6,3,pCtE0OC5YckdjgtaT+wR4HsTpfs=,JMX+/cXsgBOWhTPTMgTHgLuqddw=
5,4,pCtE0OC5YckdjgtaT+wR4HsTpfs=,8mfxLXUHZWnNVKZRHxmW6Xe5bKU=
6,4,pCtE0OC5YckdjgtaT+wR4HsTpfs=,FC8O8dvQTFEN9G0cdYq2k/DfGI4=
6,5,pCtE0OC5YckdjgtaT+wR4HsTpfs=,FC8O8dvQTFEN9G0cdYq2k/DfGI4=
6,6,pCtE0OC5YckdjgtaT+wR4HsTpfs=,UhZfGS5z6T+B8rzhMqWBcmtmgJU=
5,5,pCtE0OC5YckdjgtaT+wR4HsTpfs=,8mfxLXUHZWnNVKZRHxmW6Xe5bKU=
5,6,pCtE0OC5YckdjgtaT+wR4HsTpfs=,TVoE5ES3RrCSmAl9SnYVBL96Y4E=
5,10,vDCjeQkP0wQPHWL5P8nDrEqBbFM=,BTkofbGH7K4J2r03P1exV9+WV0g=
6,7,vDCjeQkP0wQPHWL5P8nDrEqBbFM=,UhZfGS5z6T+B8rzhMqWBcmtmgJU=
6,10,vDCjeQkP0wQPHWL5P8nDrEqBbFM=,FDKf9k5no0J6gVKokbHnDaIbxuk=
5,8,vDCjeQkP0wQPHWL5P8nDrEqBbFM=,TVoE5ES3RrCSmAl9SnYVBL96Y4E=
6,8,vDCjeQkP0wQPHWL5P8nDrEqBbFM=,zKltcfg6RIzrcKG+FxH6yFKqnX8=
5,9,jHsovenLkV29LjEUu1tu02ufYiA=,TVoE5ES3RrCSmAl9SnYVBL96Y4E=
5,7,jHsovenLkV29LjEUu1tu02ufYiA=,TVoE5ES3RrCSmAl9SnYVBL96Y4E=
6,9,jHsovenLkV29LjEUu1tu02ufYiA=,zKltcfg6RIzrcKG+FxH6yFKqnX8=
6,11,jHsovenLkV29LjEUu1tu02ufYiA=,FDKf9k5no0J6gVKokbHnDaIbxuk=
6,12,jHsovenLkV29LjEUu1tu02ufYiA=,LPTxZzDGI7TbcveqgB8kPhI+T9g=
6,13,jHsovenLkV29LjEUu1tu02ufYiA=,LPTxZzDGI7TbcveqgB8kPhI+T9g=
5,11,jHsovenLkV29LjEUu1tu02ufYiA=,BTkofbGH7K4J2r03P1exV9+WV0g=
5,12,f6PCAAe/7MV50UIZ3TkaeAJLmvs=,BTkofbGH7K4J2r03P1exV9+WV0g=
6,14,f6PCAAe/7MV50UIZ3TkaeAJLmvs=,yAJBth7gOGTQlhCUaBInXyqECXg=
5,14,f6PCAAe/7MV50UIZ3TkaeAJLmvs=,xyp4DrEi1LWduAtHDsOwtPWlfL4=
5,13,f6PCAAe/7MV50UIZ3TkaeAJLmvs=,BTkofbGH7K4J2r03P1exV9+WV0g=
8,14,f6PCAAe/7MV50UIZ3TkaeAJLmvs=,yV0vJQ9/4ndZhtA6Kyx/BU63cA0=
7,14,f6PCAAe/7MV50UIZ3TkaeAJLmvs=,yAJBth7gOGTQlhCUaBInXyqECXg=
7,13,f6PCAAe/7MV50UIZ3TkaeAJLmvs=,LPTxZzDGI7TbcveqgB8kPhI+T9g=
8,13,f6PCAAe/7MV50UIZ3TkaeAJLmvs=,yV0vJQ9/4ndZhtA6Kyx/BU63cA0=
9,14,Mg1Xk6cQQl7FpiHNHL9SA2B2tnw=,yV0vJQ9/4ndZhtA6Kyx/BU63cA0=
10,13,Mg1Xk6cQQl7FpiHNHL9SA2B2tnw=,yV0vJQ9/4ndZhtA6Kyx/BU63cA0=
10,14,Mg1Xk6cQQl7FpiHNHL9SA2B2tnw=,yV0vJQ9/4ndZhtA6Kyx/BU63cA0=
9,13,Mg1Xk6cQQl7FpiHNHL9SA2B2tnw=,yV0vJQ9/4ndZhtA6Kyx/BU63cA0=
7,11,JwFKTOj5T0kVsgD5SLjkoO4ASzE=,FDKf9k5no0J6gVKokbHnDaIbxuk=
7,10,JwFKTOj5T0kVsgD5SLjkoO4ASzE=,FDKf9k5no0J6gVKokbHnDaIbxuk=
10,12,JwFKTOj5T0kVsgD5SLjkoO4ASzE=,yV0vJQ9/4ndZhtA6Kyx/BU63cA0=
8,9,JwFKTOj5T0kVsgD5SLjkoO4ASzE=,zKltcfg6RIzrcKG+FxH6yFKqnX8=
7,12,JwFKTOj5T0kVsgD5SLjkoO4ASzE=,LPTxZzDGI7TbcveqgB8kPhI+T9g=
8,12,JwFKTOj5T0kVsgD5SLjkoO4ASzE=,yV0vJQ9/4ndZhtA6Kyx/BU63cA0=
9,11,JwFKTOj5T0kVsgD5SLjkoO4ASzE=,zKltcfg6RIzrcKG+FxH6yFKqnX8=
8,10,+i4952lETqBeSXQHI37hwnOqpYw=,zKltcfg6RIzrcKG+FxH6yFKqnX8=
8,11,+i4952lETqBeSXQHI37hwnOqpYw=,zKltcfg6RIzrcKG+FxH6yFKqnX8=
9,12,+i4952lETqBeSXQHI37hwnOqpYw=,yV0vJQ9/4ndZhtA6Kyx/BU63cA0=
7,9,+i4952lETqBeSXQHI37hwnOqpYw=,zKltcfg6RIzrcKG+FxH6yFKqnX8=
9,10,+i4952lETqBeSXQHI37hwnOqpYw=,zKltcfg6RIzrcKG+FxH6yFKqnX8=
9,9,+i4952lETqBeSXQHI37hwnOqpYw=,zKltcfg6RIzrcKG+FxH6yFKqnX8=
10,10,+i4952lETqBeSXQHI37hwnOqpYw=,EmQy9iREa72r7deIm497xcwAHQk=
10,11,+i4952lETqBeSXQHI37hwnOqpYw=,EmQy9iREa72r7deIm497xcwAHQk=
10,9,+i4952lETqBeSXQHI37hwnOqpYw=,lDNtmt3R+hVV/LsJX6NyFDpNmsU=
8,8,+i4952lETqBeSXQHI37hwnOqpYw=,zKltcfg6RIzrcKG+FxH6yFKqnX8=
9,8,+i4952lETqBeSXQHI37hwnOqpYw=,zKltcfg6RIzrcKG+FxH6yFKqnX8=
10,8,+i4952lETqBeSXQHI37hwnOqpYw=,lDNtmt3R+hVV/LsJX6NyFDpNmsU=
9,7,+i4952lETqBeSXQHI37hwnOqpYw=,vJaTmGWnngpa//1DG9QjC4Y6JaU=
8,7,+i4952lETqBeSXQHI37hwnOqpYw=,vJaTmGWnngpa//1DG9QjC4Y6JaU=
7,7,+i4952lETqBeSXQHI37hwnOqpYw=,UhZfGS5z6T+B8rzhMqWBcmtmgJU=
7,8,+i4952lETqBeSXQHI37hwnOqpYw=,zKltcfg6RIzrcKG+FxH6yFKqnX8=
10,7,+i4952lETqBeSXQHI37hwnOqpYw=,A7D0qq5zQ3T3MtQ8s/fgkwAItGw=
8,5,0Bq45fmRlBc/4Baji8KKNz41hU0=,pcaJUmKKI1AMFOd+/Wy+DTDTitE=
7,5,0Bq45fmRlBc/4Baji8KKNz41hU0=,FC8O8dvQTFEN9G0cdYq2k/DfGI4=
8,6,0Bq45fmRlBc/4Baji8KKNz41hU0=,vJaTmGWnngpa//1DG9QjC4Y6JaU=
7,6,QQKiARexpYNtnsS3ufbh5cazMBY=,UhZfGS5z6T+B8rzhMqWBcmtmgJU=
7,2,QQKiARexpYNtnsS3ufbh5cazMBY=,JMX+/cXsgBOWhTPTMgTHgLuqddw=
7,3,QQKiARexpYNtnsS3ufbh5cazMBY=,JMX+/cXsgBOWhTPTMgTHgLuqddw=
8,1,QQKiARexpYNtnsS3ufbh5cazMBY=,ff6IIG26WGfb/K+b0hji4CsMezg=
7,4,QQKiARexpYNtnsS3ufbh5cazMBY=,FC8O8dvQTFEN9G0cdYq2k/DfGI4=
7,1,QQKiARexpYNtnsS3ufbh5cazMBY=,L4YVFeuuaQ2J12KR3RofKee9ZcA=
8,4,QQKiARexpYNtnsS3ufbh5cazMBY=,pcaJUmKKI1AMFOd+/Wy+DTDTitE=
8,2,QQKiARexpYNtnsS3ufbh5cazMBY=,R9x2agI6FVHralB8XWnQPpv7hc8=
9,2,QQKiARexpYNtnsS3ufbh5cazMBY=,R9x2agI6FVHralB8XWnQPpv7hc8=
9,3,QQKiARexpYNtnsS3ufbh5cazMBY=,R9x2agI6FVHralB8XWnQPpv7hc8=
8,3,QQKiARexpYNtnsS3ufbh5cazMBY=,R9x2agI6FVHralB8XWnQPpv7hc8=
10,4,QQKiARexpYNtnsS3ufbh5cazMBY=,Lk1tCSyWFDZ8N5Zy2YIsxU9pjMk=
10,3,QQKiARexpYNtnsS3ufbh5cazMBY=,qxy3joSezDVrrltp8VImXlYMAH8=
10,6,QQKiARexpYNtnsS3ufbh5cazMBY=,A7D0qq5zQ3T3MtQ8s/fgkwAItGw=
9,1,QQKiARexpYNtnsS3ufbh5cazMBY=,ff6IIG26WGfb/K+b0hji4CsMezg=
10,5,QQKiARexpYNtnsS3ufbh5cazMBY=,Lk1tCSyWFDZ8N5Zy2YIsxU9pjMk=
9,6,QQKiARexpYNtnsS3ufbh5cazMBY=,vJaTmGWnngpa//1DG9QjC4Y6JaU=
9,4,QQKiARexpYNtnsS3ufbh5cazMBY=,pcaJUmKKI1AMFOd+/Wy+DTDTitE=
10,2,QQKiARexpYNtnsS3ufbh5cazMBY=,qxy3joSezDVrrltp8VImXlYMAH8=
9,5,QQKiARexpYNtnsS3ufbh5cazMBY=,pcaJUmKKI1AMFOd+/Wy+DTDTitE=
10,1,QQKiARexpYNtnsS3ufbh5cazMBY=,umX8D0SPH/gQPvPcMmRAIIIvu7Q=
12,6,Xjh/9EAAx2nnVuVTUX4QKxKxgN8=,ZWfNdZg8kCATYmlYaWBWu+m9iDY=
11,6,thmkt/e/d6yAHbAGS0BZhK+RvhM=,A7D0qq5zQ3T3MtQ8s/fgkwAItGw=
12,4,thmkt/e/d6yAHbAGS0BZhK+RvhM=,Lk1tCSyWFDZ8N5Zy2YIsxU9pjMk=
12,5,thmkt/e/d6yAHbAGS0BZhK+RvhM=,Lk1tCSyWFDZ8N5Zy2YIsxU9pjMk=
11,1,thmkt/e/d6yAHbAGS0BZhK+RvhM=,umX8D0SPH/gQPvPcMmRAIIIvu7Q=
11,5,thmkt/e/d6yAHbAGS0BZhK+RvhM=,Lk1tCSyWFDZ8N5Zy2YIsxU9pjMk=
11,3,thmkt/e/d6yAHbAGS0BZhK+RvhM=,qxy3joSezDVrrltp8VImXlYMAH8=
11,2,thmkt/e/d6yAHbAGS0BZhK+RvhM=,qxy3joSezDVrrltp8VImXlYMAH8=
11,4,thmkt/e/d6yAHbAGS0BZhK+RvhM=,Lk1tCSyWFDZ8N5Zy2YIsxU9pjMk=
12,1,thmkt/e/d6yAHbAGS0BZhK+RvhM=,umX8D0SPH/gQPvPcMmRAIIIvu7Q=
12,3,thmkt/e/d6yAHbAGS0BZhK+RvhM=,umX8D0SPH/gQPvPcMmRAIIIvu7Q=
12,2,thmkt/e/d6yAHbAGS0BZhK+RvhM=,umX8D0SPH/gQPvPcMmRAIIIvu7Q=
11,10,thmkt/e/d6yAHbAGS0BZhK+RvhM=,EmQy9iREa72r7deIm497xcwAHQk=
12,9,thmkt/e/d6yAHbAGS0BZhK+RvhM=,so0bt/gqFOos0tncEABOomgqoCY=
12,10,thmkt/e/d6yAHbAGS0BZhK+RvhM=,6+JkKT14YzZkaG2gPbFpKV/Sp1c=
11,9,thmkt/e/d6yAHbAGS0BZhK+RvhM=,lDNtmt3R+hVV/LsJX6NyFDpNmsU=
12,7,thmkt/e/d6yAHbAGS0BZhK+RvhM=,ZWfNdZg8kCATYmlYaWBWu+m9iDY=
11,7,thmkt/e/d6yAHbAGS0BZhK+RvhM=,A7D0qq5zQ3T3MtQ8s/fgkwAItGw=
11,8,thmkt/e/d6yAHbAGS0BZhK+RvhM=,lDNtmt3R+hVV/LsJX6NyFDpNmsU=
12,8,thmkt/e/d6yAHbAGS0BZhK+RvhM=,so0bt/gqFOos0tncEABOomgqoCY=
12,12,thmkt/e/d6yAHbAGS0BZhK+RvhM=,a1ELSRTyYQHE0NNon9hkF17Yx+E=
11,12,thmkt/e/d6yAHbAGS0BZhK+RvhM=,yV0vJQ9/4ndZhtA6Kyx/BU63cA0=
11,11,thmkt/e/d6yAHbAGS0BZhK+RvhM=,EmQy9iREa72r7deIm497xcwAHQk=
12,11,thmkt/e/d6yAHbAGS0BZhK+RvhM=,6+JkKT14YzZkaG2gPbFpKV/Sp1c=
14,14,OldZgdMeQZ5A52lNOHjYK6vL4Bg=,1yAGfRBGx+gpXA19gYMk2HWZJ1Y=
13,14,OldZgdMeQZ5A52lNOHjYK6vL4Bg=,Nm12zXXD0ZrafdMik9ijQ6tfMXk=
14,13,OldZgdMeQZ5A52lNOHjYK6vL4Bg=,PTwOpNkPttspGQ5TI9I4JB9FvTE=
13,12,OldZgdMeQZ5A52lNOHjYK6vL4Bg=,a1ELSRTyYQHE0NNon9hkF17Yx+E=
12,13,OldZgdMeQZ5A52lNOHjYK6vL4Bg=,a1ELSRTyYQHE0NNon9hkF17Yx+E=
12,14,Q4sRFJkXBSWZCuORGi/fpoE3dno=,Nm12zXXD0ZrafdMik9ijQ6tfMXk=
14,11,Q4sRFJkXBSWZCuORGi/fpoE3dno=,so0bt/gqFOos0tncEABOomgqoCY=
13,11,Q4sRFJkXBSWZCuORGi/fpoE3dno=,6+JkKT14YzZkaG2gPbFpKV/Sp1c=
13,13,Q4sRFJkXBSWZCuORGi/fpoE3dno=,a1ELSRTyYQHE0NNon9hkF17Yx+E=
11,14,Q4sRFJkXBSWZCuORGi/fpoE3dno=,yV0vJQ9/4ndZhtA6Kyx/BU63cA0=
11,13,Q4sRFJkXBSWZCuORGi/fpoE3dno=,yV0vJQ9/4ndZhtA6Kyx/BU63cA0=
14,12,Q4sRFJkXBSWZCuORGi/fpoE3dno=,PTwOpNkPttspGQ5TI9I4JB9FvTE=
13,7,Q4sRFJkXBSWZCuORGi/fpoE3dno=,ZWfNdZg8kCATYmlYaWBWu+m9iDY=
14,10,Q4sRFJkXBSWZCuORGi/fpoE3dno=,so0bt/gqFOos0tncEABOomgqoCY=
13,9,Q4sRFJkXBSWZCuORGi/fpoE3dno=,so0bt/gqFOos0tncEABOomgqoCY=
14,8,Q4sRFJkXBSWZCuORGi/fpoE3dno=,so0bt/gqFOos0tncEABOomgqoCY=
14,7,Q4sRFJkXBSWZCuORGi/fpoE3dno=,GOW5hmweGzyzk9Fs1Ug6h8iFFCQ=
13,10,Q4sRFJkXBSWZCuORGi/fpoE3dno=,6+JkKT14YzZkaG2gPbFpKV/Sp1c=
14,9,Q4sRFJkXBSWZCuORGi/fpoE3dno=,so0bt/gqFOos0tncEABOomgqoCY=
13,8,Q4sRFJkXBSWZCuORGi/fpoE3dno=,so0bt/gqFOos0tncEABOomgqoCY=
15,4,IQ0ZP0jO7fX5YlfHfNDsqh6jcRQ=,NBRFE+DtS/IIy7Cz5N88wuEVneI=
14,5,IQ0ZP0jO7fX5YlfHfNDsqh6jcRQ=,NBRFE+DtS/IIy7Cz5N88wuEVneI=
13,0,IQ0ZP0jO7fX5YlfHfNDsqh6jcRQ=,umX8D0SPH/gQPvPcMmRAIIIvu7Q=
13,6,IQ0ZP0jO7fX5YlfHfNDsqh6jcRQ=,ZWfNdZg8kCATYmlYaWBWu+m9iDY=
15,3,IQ0ZP0jO7fX5YlfHfNDsqh6jcRQ=,NBRFE+DtS/IIy7Cz5N88wuEVneI=
14,0,IQ0ZP0jO7fX5YlfHfNDsqh6jcRQ=,VlHBwOf8zjERHGKRBwdExvGXc94=
15,2,IQ0ZP0jO7fX5YlfHfNDsqh6jcRQ=,NBRFE+DtS/IIy7Cz5N88wuEVneI=
13,2,IQ0ZP0jO7fX5YlfHfNDsqh6jcRQ=,umX8D0SPH/gQPvPcMmRAIIIvu7Q=
13,3,IQ0ZP0jO7fX5YlfHfNDsqh6jcRQ=,umX8D0SPH/gQPvPcMmRAIIIvu7Q=
14,6,IQ0ZP0jO7fX5YlfHfNDsqh6jcRQ=,GOW5hmweGzyzk9Fs1Ug6h8iFFCQ=
14,4,IQ0ZP0jO7fX5YlfHfNDsqh6jcRQ=,NBRFE+DtS/IIy7Cz5N88wuEVneI=
15,1,IQ0ZP0jO7fX5YlfHfNDsqh6jcRQ=,VlHBwOf8zjERHGKRBwdExvGXc94=
13,5,IQ0ZP0jO7fX5YlfHfNDsqh6jcRQ=,Lk1tCSyWFDZ8N5Zy2YIsxU9pjMk=
13,4,IQ0ZP0jO7fX5YlfHfNDsqh6jcRQ=,Lk1tCSyWFDZ8N5Zy2YIsxU9pjMk=
13,1,IQ0ZP0jO7fX5YlfHfNDsqh6jcRQ=,umX8D0SPH/gQPvPcMmRAIIIvu7Q=
14,2,IQ0ZP0jO7fX5YlfHfNDsqh6jcRQ=,NBRFE+DtS/IIy7Cz5N88wuEVneI=
11,0,IQ0ZP0jO7fX5YlfHfNDsqh6jcRQ=,umX8D0SPH/gQPvPcMmRAIIIvu7Q=
14,1,IQ0ZP0jO7fX5YlfHfNDsqh6jcRQ=,VlHBwOf8zjERHGKRBwdExvGXc94=
12,0,IQ0ZP0jO7fX5YlfHfNDsqh6jcRQ=,umX8D0SPH/gQPvPcMmRAIIIvu7Q=
14,3,IQ0ZP0jO7fX5YlfHfNDsqh6jcRQ=,NBRFE+DtS/IIy7Cz5N88wuEVneI=
8,0,vijBYngtLYwFu+qItytjyqSrOCc=,ff6IIG26WGfb/K+b0hji4CsMezg=
9,0,5otUCR4GRqE19bFbX1k5E0VhzEk=,ff6IIG26WGfb/K+b0hji4CsMezg=
7,0,5otUCR4GRqE19bFbX1k5E0VhzEk=,L4YVFeuuaQ2J12KR3RofKee9ZcA=
4,0,5otUCR4GRqE19bFbX1k5E0VhzEk=,kZvYTJ12cpzv4jeVI3q+2uGcBNw=
6,0,5otUCR4GRqE19bFbX1k5E0VhzEk=,L4YVFeuuaQ2J12KR3RofKee9ZcA=
10,0,5otUCR4GRqE19bFbX1k5E0VhzEk=,umX8D0SPH/gQPvPcMmRAIIIvu7Q=
1,0,5otUCR4GRqE19bFbX1k5E0VhzEk=,tFqDk4AkINsMo58YlSH/QlXT8dU=
5,0,5otUCR4GRqE19bFbX1k5E0VhzEk=,kZvYTJ12cpzv4jeVI3q+2uGcBNw=
2,0,5otUCR4GRqE19bFbX1k5E0VhzEk=,tFqDk4AkINsMo58YlSH/QlXT8dU=
3,0,5otUCR4GRqE19bFbX1k5E0VhzEk=,tFqDk4AkINsMo58YlSH/QlXT8dU=
0,1,iC4HfUNottXybV9BEcNZWxCuqvc=,tFqDk4AkINsMo58YlSH/QlXT8dU=
0,3,iC4HfUNottXybV9BEcNZWxCuqvc=,tFqDk4AkINsMo58YlSH/QlXT8dU=
0,2,iC4HfUNottXybV9BEcNZWxCuqvc=,tFqDk4AkINsMo58YlSH/QlXT8dU=
0,4,iC4HfUNottXybV9BEcNZWxCuqvc=,nC3D34WaMrMZooEutg54Me/WwO8=
0,0,iC4HfUNottXybV9BEcNZWxCuqvc=,tFqDk4AkINsMo58YlSH/QlXT8dU=
0,6,iC4HfUNottXybV9BEcNZWxCuqvc=,DZuZuzjOiCGIoE/QSDoKbN7kwY4=
0,7,iC4HfUNottXybV9BEcNZWxCuqvc=,DZuZuzjOiCGIoE/QSDoKbN7kwY4=
0,8,iC4HfUNottXybV9BEcNZWxCuqvc=,sCSU2Guscp4tLJA0nZBS67Gw20g=
0,5,iC4HfUNottXybV9BEcNZWxCuqvc=,nC3D34WaMrMZooEutg54Me/WwO8=
0,9,/vKCxKUb35a6/1P/SqTLW8/bPKk=,sCSU2Guscp4tLJA0nZBS67Gw20g=
0,14,/vKCxKUb35a6/1P/SqTLW8/bPKk=,zFSy4GHXqaLRTdjGhW7zpAiYu9Y=
0,13,/vKCxKUb35a6/1P/SqTLW8/bPKk=,zFSy4GHXqaLRTdjGhW7zpAiYu9Y=
0,10,/vKCxKUb35a6/1P/SqTLW8/bPKk=,wnRCkMmOV1kTWhWZb3o/K2H4I+4=
0,11,/vKCxKUb35a6/1P/SqTLW8/bPKk=,wnRCkMmOV1kTWhWZb3o/K2H4I+4=
2,15,/vKCxKUb35a6/1P/SqTLW8/bPKk=,1yAGfRBGx+gpXA19gYMk2HWZJ1Y=
1,15,/vKCxKUb35a6/1P/SqTLW8/bPKk=,zFSy4GHXqaLRTdjGhW7zpAiYu9Y=
0,12,/vKCxKUb35a6/1P/SqTLW8/bPKk=,zFSy4GHXqaLRTdjGhW7zpAiYu9Y=
0,15,/vKCxKUb35a6/1P/SqTLW8/bPKk=,zFSy4GHXqaLRTdjGhW7zpAiYu9Y=
7,15,3ulBB2dv79jVSjANZVley0py7a4=,yAJBth7gOGTQlhCUaBInXyqECXg=
12,15,f98W2FrVwqEuzYP+0Tvwr6fUrTw=,Nm12zXXD0ZrafdMik9ijQ6tfMXk=
4,15,f98W2FrVwqEuzYP+0Tvwr6fUrTw=,xyp4DrEi1LWduAtHDsOwtPWlfL4=
9,15,f98W2FrVwqEuzYP+0Tvwr6fUrTw=,yV0vJQ9/4ndZhtA6Kyx/BU63cA0=
6,15,f98W2FrVwqEuzYP+0Tvwr6fUrTw=,yAJBth7gOGTQlhCUaBInXyqECXg=
3,15,f98W2FrVwqEuzYP+0Tvwr6fUrTw=,1yAGfRBGx+gpXA19gYMk2HWZJ1Y=
8,15,f98W2FrVwqEuzYP+0Tvwr6fUrTw=,yV0vJQ9/4ndZhtA6Kyx/BU63cA0=
5,15,f98W2FrVwqEuzYP+0Tvwr6fUrTw=,xyp4DrEi1LWduAtHDsOwtPWlfL4=
10,15,f98W2FrVwqEuzYP+0Tvwr6fUrTw=,yV0vJQ9/4ndZhtA6Kyx/BU63cA0=
11,15,f98W2FrVwqEuzYP+0Tvwr6fUrTw=,yV0vJQ9/4ndZhtA6Kyx/BU63cA0=
13,15,f98W2FrVwqEuzYP+0Tvwr6fUrTw=,Nm12zXXD0ZrafdMik9ijQ6tfMXk=
15,13,f98W2FrVwqEuzYP+0Tvwr6fUrTw=,PTwOpNkPttspGQ5TI9I4JB9FvTE=
15,14,f98W2FrVwqEuzYP+0Tvwr6fUrTw=,1yAGfRBGx+gpXA19gYMk2HWZJ1Y=
14,15,f98W2FrVwqEuzYP+0Tvwr6fUrTw=,1yAGfRBGx+gpXA19gYMk2HWZJ1Y=
15,12,f98W2FrVwqEuzYP+0Tvwr6fUrTw=,PTwOpNkPttspGQ5TI9I4JB9FvTE=
15,11,f98W2FrVwqEuzYP+0Tvwr6fUrTw=,so0bt/gqFOos0tncEABOomgqoCY=
15,10,f98W2FrVwqEuzYP+0Tvwr6fUrTw=,so0bt/gqFOos0tncEABOomgqoCY=
15,9,f98W2FrVwqEuzYP+0Tvwr6fUrTw=,so0bt/gqFOos0tncEABOomgqoCY=
15,15,vpswIavh9XxpM4OMdp+glSkmpG4=,1yAGfRBGx+gpXA19gYMk2HWZJ1Y=
15,6,vpswIavh9XxpM4OMdp+glSkmpG4=,GOW5hmweGzyzk9Fs1Ug6h8iFFCQ=
15,0,vpswIavh9XxpM4OMdp+glSkmpG4=,VlHBwOf8zjERHGKRBwdExvGXc94=
15,8,vpswIavh9XxpM4OMdp+glSkmpG4=,so0bt/gqFOos0tncEABOomgqoCY=
15,5,vpswIavh9XxpM4OMdp+glSkmpG4=,NBRFE+DtS/IIy7Cz5N88wuEVneI=
15,7,vpswIavh9XxpM4OMdp+glSkmpG4=,GOW5hmweGzyzk9Fs1Ug6h8iFFCQ=
7,17,uj6zak/0JMliVHiRdTGGMbA2CwE=,LfTMNN2htRdXf6GswjOBoiWPt2M=
8,18,heyzkCJs2vRmH0stWh6YimCNhEQ=,tUc210d5mKpLqFiuwtxK5oFVeAQ=
7,18,heyzkCJs2vRmH0stWh6YimCNhEQ=,i7zI5O+/b92BGjSf6ZyYfbJQedc=
8,17,heyzkCJs2vRmH0stWh6YimCNhEQ=,xAmU052LCeo/kpoqLCQSoJpPUYM=
5,17,heyzkCJs2vRmH0stWh6YimCNhEQ=,LfTMNN2htRdXf6GswjOBoiWPt2M=
6,17,heyzkCJs2vRmH0stWh6YimCNhEQ=,LfTMNN2htRdXf6GswjOBoiWPt2M=
6,18,heyzkCJs2vRmH0stWh6YimCNhEQ=,i7zI5O+/b92BGjSf6ZyYfbJQedc=
5,18,heyzkCJs2vRmH0stWh6YimCNhEQ=,tUc210d5mKpLqFiuwtxK5oFVeAQ=
6,20,heyzkCJs2vRmH0stWh6YimCNhEQ=,9PH00q54f+rJIBnnedbKlyVgzKM=
5,20,heyzkCJs2vRmH0stWh6YimCNhEQ=,IHOMaoIv3NWjaM2IX+OjtKHuV40=
5,19,heyzkCJs2vRmH0stWh6YimCNhEQ=,tUc210d5mKpLqFiuwtxK5oFVeAQ=
6,19,heyzkCJs2vRmH0stWh6YimCNhEQ=,i7zI5O+/b92BGjSf6ZyYfbJQedc=
4,20,heyzkCJs2vRmH0stWh6YimCNhEQ=,IHOMaoIv3NWjaM2IX+OjtKHuV40=
3,20,heyzkCJs2vRmH0stWh6YimCNhEQ=,InTWO/S20MpE+9QY/hlI3sivlkk=
3,19,heyzkCJs2vRmH0stWh6YimCNhEQ=,KOBT7AlK5vUvs96NFMb2r1EGwf8=
4,19,+jO98o3WrY8CUmtlKseRiXD5xZU=,tUc210d5mKpLqFiuwtxK5oFVeAQ=
2,20,UuNIevwSgPYN63FAJREuKcp6GTE=,InTWO/S20MpE+9QY/hlI3sivlkk=
1,20,UuNIevwSgPYN63FAJREuKcp6GTE=,oHMBqmC3NJBM04ug06C3LY5bow8=
1,19,UuNIevwSgPYN63FAJREuKcp6GTE=,KusCZpJqZsHLOdyVj5Lc0o8OPB8=
2,19,0Xu6jyvHBU/Fz53Us+xgmvk7dq0=,KOBT7AlK5vUvs96NFMb2r1EGwf8=
1,16,0Xu6jyvHBU/Fz53Us+xgmvk7dq0=,3LT0DXlITZEznffhXg+NxvzRR1M=
2,17,avdCoZHoH26g7VYHJ1XwI0dM/9g=,3LT0DXlITZEznffhXg+NxvzRR1M=
2,16,avdCoZHoH26g7VYHJ1XwI0dM/9g=,3LT0DXlITZEznffhXg+NxvzRR1M=
4,17,avdCoZHoH26g7VYHJ1XwI0dM/9g=,LfTMNN2htRdXf6GswjOBoiWPt2M=
0,17,avdCoZHoH26g7VYHJ1XwI0dM/9g=,3LT0DXlITZEznffhXg+NxvzRR1M=
3,17,avdCoZHoH26g7VYHJ1XwI0dM/9g=,3LT0DXlITZEznffhXg+NxvzRR1M=
1,17,avdCoZHoH26g7VYHJ1XwI0dM/9g=,3LT0DXlITZEznffhXg+NxvzRR1M=
3,18,avdCoZHoH26g7VYHJ1XwI0dM/9g=,KOBT7AlK5vUvs96NFMb2r1EGwf8=
1,18,avdCoZHoH26g7VYHJ1XwI0dM/9g=,KusCZpJqZsHLOdyVj5Lc0o8OPB8=
2,18,avdCoZHoH26g7VYHJ1XwI0dM/9g=,KOBT7AlK5vUvs96NFMb2r1EGwf8=
6,16,avdCoZHoH26g7VYHJ1XwI0dM/9g=,LfTMNN2htRdXf6GswjOBoiWPt2M=
0,18,avdCoZHoH26g7VYHJ1XwI0dM/9g=,KusCZpJqZsHLOdyVj5Lc0o8OPB8=
3,16,avdCoZHoH26g7VYHJ1XwI0dM/9g=,3LT0DXlITZEznffhXg+NxvzRR1M=
4,18,avdCoZHoH26g7VYHJ1XwI0dM/9g=,tUc210d5mKpLqFiuwtxK5oFVeAQ=
5,16,avdCoZHoH26g7VYHJ1XwI0dM/9g=,LfTMNN2htRdXf6GswjOBoiWPt2M=
4,16,avdCoZHoH26g7VYHJ1XwI0dM/9g=,LfTMNN2htRdXf6GswjOBoiWPt2M=
7,16,avdCoZHoH26g7VYHJ1XwI0dM/9g=,LfTMNN2htRdXf6GswjOBoiWPt2M=
8,16,avdCoZHoH26g7VYHJ1XwI0dM/9g=,xAmU052LCeo/kpoqLCQSoJpPUYM=
9,16,ENYC6zZq3CcNf7e8r4Yrx2JbBk0=,xAmU052LCeo/kpoqLCQSoJpPUYM=
10,17,82tPqLKlnQql2C9vh412H00yvjI=,7sfJTumjgwQUbbXWw887cofi998=
10,16,82tPqLKlnQql2C9vh412H00yvjI=,7sfJTumjgwQUbbXWw887cofi998=
9,17,82tPqLKlnQql2C9vh412H00yvjI=,xAmU052LCeo/kpoqLCQSoJpPUYM=
11,18,abPmO0d/0s5GOwhVmkckqT14gTg=,i7zI5O+/b92BGjSf6ZyYfbJQedc=
10,18,abPmO0d/0s5GOwhVmkckqT14gTg=,i7zI5O+/b92BGjSf6ZyYfbJQedc=
9,18,abPmO0d/0s5GOwhVmkckqT14gTg=,tUc210d5mKpLqFiuwtxK5oFVeAQ=
11,17,abPmO0d/0s5GOwhVmkckqT14gTg=,7sfJTumjgwQUbbXWw887cofi998=
12,17,abPmO0d/0s5GOwhVmkckqT14gTg=,OyhPi2X9yIwDgShma8WEjdVUaJA=
14,18,abPmO0d/0s5GOwhVmkckqT14gTg=,NRjGznz69+HJO5VrEFdf6UErdfo=
14,17,abPmO0d/0s5GOwhVmkckqT14gTg=,SLbQa4nGG/GFalDF9ycJpaKrw54=
12,18,abPmO0d/0s5GOwhVmkckqT14gTg=,HlMKjN6xeXYEJ+kckozbYkEujUM=
13,17,G1dXN8bTUKuo/a1xZDxOZKCIWw8=,OyhPi2X9yIwDgShma8WEjdVUaJA=
13,18,G1dXN8bTUKuo/a1xZDxOZKCIWw8=,HlMKjN6xeXYEJ+kckozbYkEujUM=
15,18,G1dXN8bTUKuo/a1xZDxOZKCIWw8=,NRjGznz69+HJO5VrEFdf6UErdfo=
15,17,G1dXN8bTUKuo/a1xZDxOZKCIWw8=,SLbQa4nGG/GFalDF9ycJpaKrw54=
13,20,9x5GNUDwk5+wHVGO9ZimBbjnx4I=,ckLeqrvZLDH8WWHT+6GdKBTHP6Q=
14,20,9x5GNUDwk5+wHVGO9ZimBbjnx4I=,HetvaX+MWUaKIajW5tE0Uc+QVPQ=
14,19,xSkSv22/pAUVwQv9G00VByfZIcI=,NRjGznz69+HJO5VrEFdf6UErdfo=
7,20,xSkSv22/pAUVwQv9G00VByfZIcI=,9PH00q54f+rJIBnnedbKlyVgzKM=
8,20,xSkSv22/pAUVwQv9G00VByfZIcI=,arQMth7s9GfNPJqcWe/O/hB0HXE=
12,20,bfk96EaWn8loSrY1fZ00G2bzqqM=,ckLeqrvZLDH8WWHT+6GdKBTHP6Q=
13,19,bfk96EaWn8loSrY1fZ00G2bzqqM=,HlMKjN6xeXYEJ+kckozbYkEujUM=
10,20,bfk96EaWn8loSrY1fZ00G2bzqqM=,RD3sdwYI31se5nIAo05wdibZBcQ=
9,20,bfk96EaWn8loSrY1fZ00G2bzqqM=,arQMth7s9GfNPJqcWe/O/hB0HXE=
11,20,bfk96EaWn8loSrY1fZ00G2bzqqM=,RD3sdwYI31se5nIAo05wdibZBcQ=
10,21,bfk96EaWn8loSrY1fZ00G2bzqqM=,RD3sdwYI31se5nIAo05wdibZBcQ=
9,21,bfk96EaWn8loSrY1fZ00G2bzqqM=,arQMth7s9GfNPJqcWe/O/hB0HXE=
11,21,bfk96EaWn8loSrY1fZ00G2bzqqM=,RD3sdwYI31se5nIAo05wdibZBcQ=
12,21,bfk96EaWn8loSrY1fZ00G2bzqqM=,ckLeqrvZLDH8WWHT+6GdKBTHP6Q=
8,19,bfk96EaWn8loSrY1fZ00G2bzqqM=,tUc210d5mKpLqFiuwtxK5oFVeAQ=
9,19,bfk96EaWn8loSrY1fZ00G2bzqqM=,tUc210d5mKpLqFiuwtxK5oFVeAQ=
12,19,bfk96EaWn8loSrY1fZ00G2bzqqM=,HlMKjN6xeXYEJ+kckozbYkEujUM=
7,19,bfk96EaWn8loSrY1fZ00G2bzqqM=,i7zI5O+/b92BGjSf6ZyYfbJQedc=
11,19,bfk96EaWn8loSrY1fZ00G2bzqqM=,i7zI5O+/b92BGjSf6ZyYfbJQedc=
10,19,bfk96EaWn8loSrY1fZ00G2bzqqM=,i7zI5O+/b92BGjSf6ZyYfbJQedc=
7,21,feMr/znnLnUcAU+mxuJ61KjNRc4=,9PH00q54f+rJIBnnedbKlyVgzKM=
3,21,feMr/znnLnUcAU+mxuJ61KjNRc4=,InTWO/S20MpE+9QY/hlI3sivlkk=
8,21,feMr/znnLnUcAU+mxuJ61KjNRc4=,arQMth7s9GfNPJqcWe/O/hB0HXE=
5,21,feMr/znnLnUcAU+mxuJ61KjNRc4=,IHOMaoIv3NWjaM2IX+OjtKHuV40=
4,21,feMr/znnLnUcAU+mxuJ61KjNRc4=,IHOMaoIv3NWjaM2IX+OjtKHuV40=
6,21,W2j4Jx47w9pUnJs68hU+IYdysK8=,9PH00q54f+rJIBnnedbKlyVgzKM=
1,21,W2j4Jx47w9pUnJs68hU+IYdysK8=,oHMBqmC3NJBM04ug06C3LY5bow8=
0,20,W2j4Jx47w9pUnJs68hU+IYdysK8=,oHMBqmC3NJBM04ug06C3LY5bow8=
2,21,W2j4Jx47w9pUnJs68hU+IYdysK8=,InTWO/S20MpE+9QY/hlI3sivlkk=
0,19,W2j4Jx47w9pUnJs68hU+IYdysK8=,KusCZpJqZsHLOdyVj5Lc0o8OPB8=
0,21,W2j4Jx47w9pUnJs68hU+IYdysK8=,oHMBqmC3NJBM04ug06C3LY5bow8=
13,21,T3G5ulFOkh5xNzt8PjeBS6vz1Ig=,ckLeqrvZLDH8WWHT+6GdKBTHP6Q=
14,21,T3G5ulFOkh5xNzt8PjeBS6vz1Ig=,HetvaX+MWUaKIajW5tE0Uc+QVPQ=
15,19,3HGg4rW6tIhhRV/nRssMy2dCMXs=,NRjGznz69+HJO5VrEFdf6UErdfo=
15,20,3HGg4rW6tIhhRV/nRssMy2dCMXs=,HetvaX+MWUaKIajW5tE0Uc+QVPQ=
15,21,3HGg4rW6tIhhRV/nRssMy2dCMXs=,HetvaX+MWUaKIajW5tE0Uc+QVPQ=
15,16,3HGg4rW6tIhhRV/nRssMy2dCMXs=,SLbQa4nGG/GFalDF9ycJpaKrw54=
13,16,3HGg4rW6tIhhRV/nRssMy2dCMXs=,OyhPi2X9yIwDgShma8WEjdVUaJA=
12,16,3HGg4rW6tIhhRV/nRssMy2dCMXs=,OyhPi2X9yIwDgShma8WEjdVUaJA=
11,16,3HGg4rW6tIhhRV/nRssMy2dCMXs=,7sfJTumjgwQUbbXWw887cofi998=
14,16,3HGg4rW6tIhhRV/nRssMy2dCMXs=,SLbQa4nGG/GFalDF9ycJpaKrw54=
0,16,3HGg4rW6tIhhRV/nRssMy2dCMXs=,3LT0DXlITZEznffhXg+NxvzRR1M=
18,20,gmnvROW3OblKPZ7cDtQg25Whs+4=,UFqD1+nbgAC1oY9vvMHaGnP4+G0=
18,19,gmnvROW3OblKPZ7cDtQg25Whs+4=,HlMKjN6xeXYEJ+kckozbYkEujUM=
17,20,gmnvROW3OblKPZ7cDtQg25Whs+4=,ckLeqrvZLDH8WWHT+6GdKBTHP6Q=
17,19,gmnvROW3OblKPZ7cDtQg25Whs+4=,efhRXMShq2LcSpXsFUG5jVw+xmw=
18,17,4Zs0gWPmMlthdBnC1Mbod9Dqpjk=,WWiS7ZD+zUlWsdmBVss+f78PSHo=
18,18,4Zs0gWPmMlthdBnC1Mbod9Dqpjk=,HlMKjN6xeXYEJ+kckozbYkEujUM=
17,18,4Zs0gWPmMlthdBnC1Mbod9Dqpjk=,efhRXMShq2LcSpXsFUG5jVw+xmw=
17,17,4Zs0gWPmMlthdBnC1Mbod9Dqpjk=,AjyGwfmC2EHY+bUHj0Txb/Y3gkk=
19,17,4Zs0gWPmMlthdBnC1Mbod9Dqpjk=,WWiS7ZD+zUlWsdmBVss+f78PSHo=
20,18,4Zs0gWPmMlthdBnC1Mbod9Dqpjk=,8Qp5fFR3alB5JKJePmBubMNNBHQ=
19,18,4Zs0gWPmMlthdBnC1Mbod9Dqpjk=,HlMKjN6xeXYEJ+kckozbYkEujUM=
17,16,4Zs0gWPmMlthdBnC1Mbod9Dqpjk=,AjyGwfmC2EHY+bUHj0Txb/Y3gkk=
18,16,4Zs0gWPmMlthdBnC1Mbod9Dqpjk=,WWiS7ZD+zUlWsdmBVss+f78PSHo=
20,17,4Zs0gWPmMlthdBnC1Mbod9Dqpjk=,vZsaYtzFkEHjAIVcdJeP992gDTw=
16,18,4Zs0gWPmMlthdBnC1Mbod9Dqpjk=,efhRXMShq2LcSpXsFUG5jVw+xmw=
16,17,4Zs0gWPmMlthdBnC1Mbod9Dqpjk=,AjyGwfmC2EHY+bUHj0Txb/Y3gkk=
17,21,obG8RyxwkAZs9jKSJsH0N8ChlbQ=,ckLeqrvZLDH8WWHT+6GdKBTHP6Q=
16,19,obG8RyxwkAZs9jKSJsH0N8ChlbQ=,efhRXMShq2LcSpXsFUG5jVw+xmw=
16,20,obG8RyxwkAZs9jKSJsH0N8ChlbQ=,ckLeqrvZLDH8WWHT+6GdKBTHP6Q=
16,21,obG8RyxwkAZs9jKSJsH0N8ChlbQ=,ckLeqrvZLDH8WWHT+6GdKBTHP6Q=
18,21,obG8RyxwkAZs9jKSJsH0N8ChlbQ=,UFqD1+nbgAC1oY9vvMHaGnP4+G0=
19,19,obG8RyxwkAZs9jKSJsH0N8ChlbQ=,HlMKjN6xeXYEJ+kckozbYkEujUM=
20,19,obG8RyxwkAZs9jKSJsH0N8ChlbQ=,8Qp5fFR3alB5JKJePmBubMNNBHQ=
19,20,obG8RyxwkAZs9jKSJsH0N8ChlbQ=,UFqD1+nbgAC1oY9vvMHaGnP4+G0=
19,21,obG8RyxwkAZs9jKSJsH0N8ChlbQ=,UFqD1+nbgAC1oY9vvMHaGnP4+G0=
20,21,obG8RyxwkAZs9jKSJsH0N8ChlbQ=,XGJhYjkcq7eDKqCjGNZaihKr9hU=
20,20,obG8RyxwkAZs9jKSJsH0N8ChlbQ=,XGJhYjkcq7eDKqCjGNZaihKr9hU=
20,16,obG8RyxwkAZs9jKSJsH0N8ChlbQ=,vZsaYtzFkEHjAIVcdJeP992gDTw=
19,16,E/CDBSLNNlqxm8ll8UXmlOyup7c=,WWiS7ZD+zUlWsdmBVss+f78PSHo=
16,16,E/CDBSLNNlqxm8ll8UXmlOyup7c=,AjyGwfmC2EHY+bUHj0Txb/Y3gkk=
19,11,VLOuUtVoKTjchvteMKfQOeDNl6A=,fOO7bQfRNjy52fAZatunwVLD5+c=
20,11,VLOuUtVoKTjchvteMKfQOeDNl6A=,GEuELciRGSJin/OMzHnc9fTsN0w=
20,12,VLOuUtVoKTjchvteMKfQOeDNl6A=,cbqweSOYCwQN9KPefEyhP3A5ZvU=
19,12,VLOuUtVoKTjchvteMKfQOeDNl6A=,N1HByNfr+cK3uEsY0/qjgqT2oWE=
19,10,VLOuUtVoKTjchvteMKfQOeDNl6A=,fOO7bQfRNjy52fAZatunwVLD5+c=
20,10,VLOuUtVoKTjchvteMKfQOeDNl6A=,GEuELciRGSJin/OMzHnc9fTsN0w=
20,9,VLOuUtVoKTjchvteMKfQOeDNl6A=,CdGjDJ3N214gAvdaA8nnAsmdjN0=
19,9,VLOuUtVoKTjchvteMKfQOeDNl6A=,II/flIaTXC+TQUmiaQSTwClP7uU=
20,8,rGtJHDC8GphXR/uxScJwaNEsuhQ=,CdGjDJ3N214gAvdaA8nnAsmdjN0=
20,7,rGtJHDC8GphXR/uxScJwaNEsuhQ=,WUr9QIhTLxx6nvmir66vu1AeB24=
19,7,rGtJHDC8GphXR/uxScJwaNEsuhQ=,GOW5hmweGzyzk9Fs1Ug6h8iFFCQ=
19,8,YOAipZaT/tBiEzNYG7CVwuZWfM8=,II/flIaTXC+TQUmiaQSTwClP7uU=
20,5,YOAipZaT/tBiEzNYG7CVwuZWfM8=,pcaJUmKKI1AMFOd+/Wy+DTDTitE=
20,6,YOAipZaT/tBiEzNYG7CVwuZWfM8=,WUr9QIhTLxx6nvmir66vu1AeB24=
19,6,YOAipZaT/tBiEzNYG7CVwuZWfM8=,GOW5hmweGzyzk9Fs1Ug6h8iFFCQ=
19,5,YOAipZaT/tBiEzNYG7CVwuZWfM8=,NBRFE+DtS/IIy7Cz5N88wuEVneI=
20,3,3L6m3rQ1x03FxSuY6qwT3JNsuVc=,5TxwnRxn487hJPYpC5rojnV3ipI=
19,3,3L6m3rQ1x03FxSuY6qwT3JNsuVc=,gWMw9NGHPzTLOB8k9/hXVioVkF4=
20,4,tuzGrl4aYIL2OpVhex2Mf9BGsQA=,pcaJUmKKI1AMFOd+/Wy+DTDTitE=
19,4,tuzGrl4aYIL2OpVhex2Mf9BGsQA=,NBRFE+DtS/IIy7Cz5N88wuEVneI=
18,1,tuzGrl4aYIL2OpVhex2Mf9BGsQA=,jYpWwpLW15imMksMVjSwP2Qokc8=
18,2,tuzGrl4aYIL2OpVhex2Mf9BGsQA=,gWMw9NGHPzTLOB8k9/hXVioVkF4=
17,2,Fv22kStw3kkswlV4jbKsrkrJKPk=,NBRFE+DtS/IIy7Cz5N88wuEVneI=
18,3,Fv22kStw3kkswlV4jbKsrkrJKPk=,gWMw9NGHPzTLOB8k9/hXVioVkF4=
17,1,Fv22kStw3kkswlV4jbKsrkrJKPk=,VlHBwOf8zjERHGKRBwdExvGXc94=
17,3,Fv22kStw3kkswlV4jbKsrkrJKPk=,NBRFE+DtS/IIy7Cz5N88wuEVneI=
17,4,Fv22kStw3kkswlV4jbKsrkrJKPk=,NBRFE+DtS/IIy7Cz5N88wuEVneI=
18,5,Fv22kStw3kkswlV4jbKsrkrJKPk=,NBRFE+DtS/IIy7Cz5N88wuEVneI=
18,4,Fv22kStw3kkswlV4jbKsrkrJKPk=,NBRFE+DtS/IIy7Cz5N88wuEVneI=
17,6,Fv22kStw3kkswlV4jbKsrkrJKPk=,GOW5hmweGzyzk9Fs1Ug6h8iFFCQ=
18,6,Ww5KEYNxDBdSimaWIlt3EzyPjVs=,GOW5hmweGzyzk9Fs1Ug6h8iFFCQ=
17,5,Ww5KEYNxDBdSimaWIlt3EzyPjVs=,NBRFE+DtS/IIy7Cz5N88wuEVneI=
17,8,Ww5KEYNxDBdSimaWIlt3EzyPjVs=,II/flIaTXC+TQUmiaQSTwClP7uU=
17,7,Ww5KEYNxDBdSimaWIlt3EzyPjVs=,GOW5hmweGzyzk9Fs1Ug6h8iFFCQ=
18,7,Ww5KEYNxDBdSimaWIlt3EzyPjVs=,GOW5hmweGzyzk9Fs1Ug6h8iFFCQ=
18,8,Ww5KEYNxDBdSimaWIlt3EzyPjVs=,II/flIaTXC+TQUmiaQSTwClP7uU=
17,10,ehJLhqROEciSYfKurQgk9+86VEQ=,fOO7bQfRNjy52fAZatunwVLD5+c=
18,10,ehJLhqROEciSYfKurQgk9+86VEQ=,fOO7bQfRNjy52fAZatunwVLD5+c=
18,9,ehJLhqROEciSYfKurQgk9+86VEQ=,II/flIaTXC+TQUmiaQSTwClP7uU=
17,11,ehJLhqROEciSYfKurQgk9+86VEQ=,fOO7bQfRNjy52fAZatunwVLD5+c=
17,9,ehJLhqROEciSYfKurQgk9+86VEQ=,II/flIaTXC+TQUmiaQSTwClP7uU=
18,12,ehJLhqROEciSYfKurQgk9+86VEQ=,N1HByNfr+cK3uEsY0/qjgqT2oWE=
18,11,ehJLhqROEciSYfKurQgk9+86VEQ=,fOO7bQfRNjy52fAZatunwVLD5+c=
18,14,ehJLhqROEciSYfKurQgk9+86VEQ=,mAFd52AHT7Ule7Ak0nk8l6S9zkQ=
17,12,ehJLhqROEciSYfKurQgk9+86VEQ=,vxdLKpdK584tVHVSG71WUtslBCw=
18,15,ehJLhqROEciSYfKurQgk9+86VEQ=,mAFd52AHT7Ule7Ak0nk8l6S9zkQ=
17,14,ehJLhqROEciSYfKurQgk9+86VEQ=,vxdLKpdK584tVHVSG71WUtslBCw=
16,13,ehJLhqROEciSYfKurQgk9+86VEQ=,vxdLKpdK584tVHVSG71WUtslBCw=
16,14,ehJLhqROEciSYfKurQgk9+86VEQ=,vxdLKpdK584tVHVSG71WUtslBCw=
17,15,ehJLhqROEciSYfKurQgk9+86VEQ=,vxdLKpdK584tVHVSG71WUtslBCw=
20,13,ehJLhqROEciSYfKurQgk9+86VEQ=,cbqweSOYCwQN9KPefEyhP3A5ZvU=
18,13,ehJLhqROEciSYfKurQgk9+86VEQ=,N1HByNfr+cK3uEsY0/qjgqT2oWE=
19,14,ehJLhqROEciSYfKurQgk9+86VEQ=,mAFd52AHT7Ule7Ak0nk8l6S9zkQ=
17,13,ehJLhqROEciSYfKurQgk9+86VEQ=,vxdLKpdK584tVHVSG71WUtslBCw=
19,13,ehJLhqROEciSYfKurQgk9+86VEQ=,N1HByNfr+cK3uEsY0/qjgqT2oWE=
20,14,ehJLhqROEciSYfKurQgk9+86VEQ=,JyPd+uuhq7KX7nu7ZlFuulVKtaY=
19,15,AjTQ6QN0dPt3+9j94IFg69uo7q0=,mAFd52AHT7Ule7Ak0nk8l6S9zkQ=
20,15,AjTQ6QN0dPt3+9j94IFg69uo7q0=,JyPd+uuhq7KX7nu7ZlFuulVKtaY=
18,0,AjTQ6QN0dPt3+9j94IFg69uo7q0=,jYpWwpLW15imMksMVjSwP2Qokc8=
20,2,AjTQ6QN0dPt3+9j94IFg69uo7q0=,5TxwnRxn487hJPYpC5rojnV3ipI=
19,0,AjTQ6QN0dPt3+9j94IFg69uo7q0=,jYpWwpLW15imMksMVjSwP2Qokc8=
19,1,AjTQ6QN0dPt3+9j94IFg69uo7q0=,jYpWwpLW15imMksMVjSwP2Qokc8=
20,0,AjTQ6QN0dPt3+9j94IFg69uo7q0=,nhWEncQcUFM0cFNNkH8MCvhlSlM=
20,1,AjTQ6QN0dPt3+9j94IFg69uo7q0=,nhWEncQcUFM0cFNNkH8MCvhlSlM=
17,0,AjTQ6QN0dPt3+9j94IFg69uo7q0=,VlHBwOf8zjERHGKRBwdExvGXc94=
19,2,AjTQ6QN0dPt3+9j94IFg69uo7q0=,gWMw9NGHPzTLOB8k9/hXVioVkF4=
16,2,AvboH8eZdVCNoK2bfLQGHU4/Jjw=,NBRFE+DtS/IIy7Cz5N88wuEVneI=
16,1,AvboH8eZdVCNoK2bfLQGHU4/Jjw=,VlHBwOf8zjERHGKRBwdExvGXc94=
16,4,AvboH8eZdVCNoK2bfLQGHU4/Jjw=,NBRFE+DtS/IIy7Cz5N88wuEVneI=
16,3,AvboH8eZdVCNoK2bfLQGHU4/Jjw=,NBRFE+DtS/IIy7Cz5N88wuEVneI=
16,6,AvboH8eZdVCNoK2bfLQGHU4/Jjw=,GOW5hmweGzyzk9Fs1Ug6h8iFFCQ=
16,8,AvboH8eZdVCNoK2bfLQGHU4/Jjw=,II/flIaTXC+TQUmiaQSTwClP7uU=
16,5,AvboH8eZdVCNoK2bfLQGHU4/Jjw=,NBRFE+DtS/IIy7Cz5N88wuEVneI=
16,15,AvboH8eZdVCNoK2bfLQGHU4/Jjw=,vxdLKpdK584tVHVSG71WUtslBCw=
16,11,AvboH8eZdVCNoK2bfLQGHU4/Jjw=,fOO7bQfRNjy52fAZatunwVLD5+c=
16,10,AvboH8eZdVCNoK2bfLQGHU4/Jjw=,fOO7bQfRNjy52fAZatunwVLD5+c=
16,7,AvboH8eZdVCNoK2bfLQGHU4/Jjw=,GOW5hmweGzyzk9Fs1Ug6h8iFFCQ=
16,12,AvboH8eZdVCNoK2bfLQGHU4/Jjw=,vxdLKpdK584tVHVSG71WUtslBCw=
16,9,AvboH8eZdVCNoK2bfLQGHU4/Jjw=,II/flIaTXC+TQUmiaQSTwClP7uU=
16,0,AvboH8eZdVCNoK2bfLQGHU4/Jjw=,VlHBwOf8zjERHGKRBwdExvGXc94=
