-39,-15,17lyQ2NMXmYTl2rQ+GtHPkhbH1U=,6hWykAhkG560qL2tZY6FBDEBf0Q=
-34,-10,17lyQ2NMXmYTl2rQ+GtHPkhbH1U=,6hWykAhkG560qL2tZY6FBDEBf0Q=
-35,-10,17lyQ2NMXmYTl2rQ+GtHPkhbH1U=,6hWykAhkG560qL2tZY6FBDEBf0Q=
-36,-10,17lyQ2NMXmYTl2rQ+GtHPkhbH1U=,6hWykAhkG560qL2tZY6FBDEBf0Q=
-37,-10,17lyQ2NMXmYTl2rQ+GtHPkhbH1U=,6hWykAhkG560qL2tZY6FBDEBf0Q=
-39,-10,17lyQ2NMXmYTl2rQ+GtHPkhbH1U=,6hWykAhkG560qL2tZY6FBDEBf0Q=
-38,-10,17lyQ2NMXmYTl2rQ+GtHPkhbH1U=,6hWykAhkG560qL2tZY6FBDEBf0Q=
-35,-11,17lyQ2NMXmYTl2rQ+GtHPkhbH1U=,6hWykAhkG560qL2tZY6FBDEBf0Q=
-34,-11,17lyQ2NMXmYTl2rQ+GtHPkhbH1U=,6hWykAhkG560qL2tZY6FBDEBf0Q=
-39,-11,17lyQ2NMXmYTl2rQ+GtHPkhbH1U=,6hWykAhkG560qL2tZY6FBDEBf0Q=
-38,-11,17lyQ2NMXmYTl2rQ+GtHPkhbH1U=,6hWykAhkG560qL2tZY6FBDEBf0Q=
-39,-12,17lyQ2NMXmYTl2rQ+GtHPkhbH1U=,6hWykAhkG560qL2tZY6FBDEBf0Q=
-38,-12,17lyQ2NMXmYTl2rQ+GtHPkhbH1U=,6hWykAhkG560qL2tZY6FBDEBf0Q=
-34,-12,17lyQ2NMXmYTl2rQ+GtHPkhbH1U=,6hWykAhkG560qL2tZY6FBDEBf0Q=
-36,-11,17lyQ2NMXmYTl2rQ+GtHPkhbH1U=,6hWykAhkG560qL2tZY6FBDEBf0Q=
-37,-11,17lyQ2NMXmYTl2rQ+GtHPkhbH1U=,6hWykAhkG560qL2tZY6FBDEBf0Q=
-35,-12,17lyQ2NMXmYTl2rQ+GtHPkhbH1U=,6hWykAhkG560qL2tZY6FBDEBf0Q=
-36,-12,17lyQ2NMXmYTl2rQ+GtHPkhbH1U=,6hWykAhkG560qL2tZY6FBDEBf0Q=
-37,-12,17lyQ2NMXmYTl2rQ+GtHPkhbH1U=,6hWykAhkG560qL2tZY6FBDEBf0Q=
-34,-13,17lyQ2NMXmYTl2rQ+GtHPkhbH1U=,6hWykAhkG560qL2tZY6FBDEBf0Q=
-37,-13,17lyQ2NMXmYTl2rQ+GtHPkhbH1U=,6hWykAhkG560qL2tZY6FBDEBf0Q=
-36,-13,17lyQ2NMXmYTl2rQ+GtHPkhbH1U=,6hWykAhkG560qL2tZY6FBDEBf0Q=
-38,-13,17lyQ2NMXmYTl2rQ+GtHPkhbH1U=,6hWykAhkG560qL2tZY6FBDEBf0Q=
-39,-13,17lyQ2NMXmYTl2rQ+GtHPkhbH1U=,6hWykAhkG560qL2tZY6FBDEBf0Q=
-35,-13,17lyQ2NMXmYTl2rQ+GtHPkhbH1U=,6hWykAhkG560qL2tZY6FBDEBf0Q=
-34,-14,17lyQ2NMXmYTl2rQ+GtHPkhbH1U=,6hWykAhkG560qL2tZY6FBDEBf0Q=
-36,-14,17lyQ2NMXmYTl2rQ+GtHPkhbH1U=,6hWykAhkG560qL2tZY6FBDEBf0Q=
-38,-14,17lyQ2NMXmYTl2rQ+GtHPkhbH1U=,6hWykAhkG560qL2tZY6FBDEBf0Q=
-35,-14,17lyQ2NMXmYTl2rQ+GtHPkhbH1U=,6hWykAhkG560qL2tZY6FBDEBf0Q=
-39,-14,17lyQ2NMXmYTl2rQ+GtHPkhbH1U=,6hWykAhkG560qL2tZY6FBDEBf0Q=
-37,-14,17lyQ2NMXmYTl2rQ+GtHPkhbH1U=,6hWykAhkG560qL2tZY6FBDEBf0Q=
-34,-15,17lyQ2NMXmYTl2rQ+GtHPkhbH1U=,6hWykAhkG560qL2tZY6FBDEBf0Q=
-35,-15,17lyQ2NMXmYTl2rQ+GtHPkhbH1U=,6hWykAhkG560qL2tZY6FBDEBf0Q=
-37,-15,17lyQ2NMXmYTl2rQ+GtHPkhbH1U=,6hWykAhkG560qL2tZY6FBDEBf0Q=
-38,-15,17lyQ2NMXmYTl2rQ+GtHPkhbH1U=,6hWykAhkG560qL2tZY6FBDEBf0Q=
-35,-4,17lyQ2NMXmYTl2rQ+GtHPkhbH1U=,G9Z8KZ3xxb70Pma3YiaWXVMDvrM=
-36,-15,17lyQ2NMXmYTl2rQ+GtHPkhbH1U=,6hWykAhkG560qL2tZY6FBDEBf0Q=
-37,-9,17lyQ2NMXmYTl2rQ+GtHPkhbH1U=,6hWykAhkG560qL2tZY6FBDEBf0Q=
-34,-4,17lyQ2NMXmYTl2rQ+GtHPkhbH1U=,G9Z8KZ3xxb70Pma3YiaWXVMDvrM=
-39,-3,17lyQ2NMXmYTl2rQ+GtHPkhbH1U=,G9Z8KZ3xxb70Pma3YiaWXVMDvrM=
-38,-9,17lyQ2NMXmYTl2rQ+GtHPkhbH1U=,6hWykAhkG560qL2tZY6FBDEBf0Q=
-35,-3,17lyQ2NMXmYTl2rQ+GtHPkhbH1U=,G9Z8KZ3xxb70Pma3YiaWXVMDvrM=
-36,-3,17lyQ2NMXmYTl2rQ+GtHPkhbH1U=,G9Z8KZ3xxb70Pma3YiaWXVMDvrM=
-35,-2,17lyQ2NMXmYTl2rQ+GtHPkhbH1U=,G9Z8KZ3xxb70Pma3YiaWXVMDvrM=
-39,-9,17lyQ2NMXmYTl2rQ+GtHPkhbH1U=,6hWykAhkG560qL2tZY6FBDEBf0Q=
-36,-4,17lyQ2NMXmYTl2rQ+GtHPkhbH1U=,G9Z8KZ3xxb70Pma3YiaWXVMDvrM=
-38,-3,HPR3lLhVM7AQwK1Zwz/Y2ZYh6iU=,G9Z8KZ3xxb70Pma3YiaWXVMDvrM=
-37,-4,HPR3lLhVM7AQwK1Zwz/Y2ZYh6iU=,G9Z8KZ3xxb70Pma3YiaWXVMDvrM=
-39,-6,HPR3lLhVM7AQwK1Zwz/Y2ZYh6iU=,G9Z8KZ3xxb70Pma3YiaWXVMDvrM=
-38,-4,HPR3lLhVM7AQwK1Zwz/Y2ZYh6iU=,G9Z8KZ3xxb70Pma3YiaWXVMDvrM=
-39,-4,HPR3lLhVM7AQwK1Zwz/Y2ZYh6iU=,G9Z8KZ3xxb70Pma3YiaWXVMDvrM=
-36,-9,HPR3lLhVM7AQwK1Zwz/Y2ZYh6iU=,6hWykAhkG560qL2tZY6FBDEBf0Q=
-36,-2,HPR3lLhVM7AQwK1Zwz/Y2ZYh6iU=,G9Z8KZ3xxb70Pma3YiaWXVMDvrM=
-37,-3,HPR3lLhVM7AQwK1Zwz/Y2ZYh6iU=,G9Z8KZ3xxb70Pma3YiaWXVMDvrM=
-39,-5,HPR3lLhVM7AQwK1Zwz/Y2ZYh6iU=,G9Z8KZ3xxb70Pma3YiaWXVMDvrM=
-37,-2,HPR3lLhVM7AQwK1Zwz/Y2ZYh6iU=,G9Z8KZ3xxb70Pma3YiaWXVMDvrM=
-34,-5,HPR3lLhVM7AQwK1Zwz/Y2ZYh6iU=,G9Z8KZ3xxb70Pma3YiaWXVMDvrM=
-38,-2,HPR3lLhVM7AQwK1Zwz/Y2ZYh6iU=,G9Z8KZ3xxb70Pma3YiaWXVMDvrM=
-37,-8,HPR3lLhVM7AQwK1Zwz/Y2ZYh6iU=,G9Z8KZ3xxb70Pma3YiaWXVMDvrM=
-39,-2,HPR3lLhVM7AQwK1Zwz/Y2ZYh6iU=,G9Z8KZ3xxb70Pma3YiaWXVMDvrM=
-35,-9,HPR3lLhVM7AQwK1Zwz/Y2ZYh6iU=,6hWykAhkG560qL2tZY6FBDEBf0Q=
-35,-5,HPR3lLhVM7AQwK1Zwz/Y2ZYh6iU=,G9Z8KZ3xxb70Pma3YiaWXVMDvrM=
-34,-6,HPR3lLhVM7AQwK1Zwz/Y2ZYh6iU=,G9Z8KZ3xxb70Pma3YiaWXVMDvrM=
-36,-5,HPR3lLhVM7AQwK1Zwz/Y2ZYh6iU=,G9Z8KZ3xxb70Pma3YiaWXVMDvrM=
-37,-5,HPR3lLhVM7AQwK1Zwz/Y2ZYh6iU=,G9Z8KZ3xxb70Pma3YiaWXVMDvrM=
-38,-7,HPR3lLhVM7AQwK1Zwz/Y2ZYh6iU=,G9Z8KZ3xxb70Pma3YiaWXVMDvrM=
-34,-7,HPR3lLhVM7AQwK1Zwz/Y2ZYh6iU=,G9Z8KZ3xxb70Pma3YiaWXVMDvrM=
-34,-2,HPR3lLhVM7AQwK1Zwz/Y2ZYh6iU=,G9Z8KZ3xxb70Pma3YiaWXVMDvrM=
-36,-8,HPR3lLhVM7AQwK1Zwz/Y2ZYh6iU=,G9Z8KZ3xxb70Pma3YiaWXVMDvrM=
-35,-6,HPR3lLhVM7AQwK1Zwz/Y2ZYh6iU=,G9Z8KZ3xxb70Pma3YiaWXVMDvrM=
-35,-7,HPR3lLhVM7AQwK1Zwz/Y2ZYh6iU=,G9Z8KZ3xxb70Pma3YiaWXVMDvrM=
-36,-7,HPR3lLhVM7AQwK1Zwz/Y2ZYh6iU=,G9Z8KZ3xxb70Pma3YiaWXVMDvrM=
-44,-11,HPR3lLhVM7AQwK1Zwz/Y2ZYh6iU=,vw/9D4Xv4XZ35ltmyBeNJ0+LdPU=
-45,-11,HPR3lLhVM7AQwK1Zwz/Y2ZYh6iU=,vw/9D4Xv4XZ35ltmyBeNJ0+LdPU=
-37,-7,HPR3lLhVM7AQwK1Zwz/Y2ZYh6iU=,G9Z8KZ3xxb70Pma3YiaWXVMDvrM=
-36,-6,HPR3lLhVM7AQwK1Zwz/Y2ZYh6iU=,G9Z8KZ3xxb70Pma3YiaWXVMDvrM=
-34,-9,HPR3lLhVM7AQwK1Zwz/Y2ZYh6iU=,6hWykAhkG560qL2tZY6FBDEBf0Q=
-34,-3,HPR3lLhVM7AQwK1Zwz/Y2ZYh6iU=,G9Z8KZ3xxb70Pma3YiaWXVMDvrM=
-38,-8,HPR3lLhVM7AQwK1Zwz/Y2ZYh6iU=,G9Z8KZ3xxb70Pma3YiaWXVMDvrM=
-39,-8,HPR3lLhVM7AQwK1Zwz/Y2ZYh6iU=,G9Z8KZ3xxb70Pma3YiaWXVMDvrM=
-43,-11,HPR3lLhVM7AQwK1Zwz/Y2ZYh6iU=,vw/9D4Xv4XZ35ltmyBeNJ0+LdPU=
-39,-7,HPR3lLhVM7AQwK1Zwz/Y2ZYh6iU=,G9Z8KZ3xxb70Pma3YiaWXVMDvrM=
-46,-11,HPR3lLhVM7AQwK1Zwz/Y2ZYh6iU=,vw/9D4Xv4XZ35ltmyBeNJ0+LdPU=
-47,-11,HPR3lLhVM7AQwK1Zwz/Y2ZYh6iU=,vw/9D4Xv4XZ35ltmyBeNJ0+LdPU=
-34,-8,HPR3lLhVM7AQwK1Zwz/Y2ZYh6iU=,G9Z8KZ3xxb70Pma3YiaWXVMDvrM=
-41,-12,HPR3lLhVM7AQwK1Zwz/Y2ZYh6iU=,vw/9D4Xv4XZ35ltmyBeNJ0+LdPU=
-40,-10,HPR3lLhVM7AQwK1Zwz/Y2ZYh6iU=,6hWykAhkG560qL2tZY6FBDEBf0Q=
-42,-11,HPR3lLhVM7AQwK1Zwz/Y2ZYh6iU=,vw/9D4Xv4XZ35ltmyBeNJ0+LdPU=
-43,-12,HPR3lLhVM7AQwK1Zwz/Y2ZYh6iU=,vw/9D4Xv4XZ35ltmyBeNJ0+LdPU=
-42,-12,HPR3lLhVM7AQwK1Zwz/Y2ZYh6iU=,vw/9D4Xv4XZ35ltmyBeNJ0+LdPU=
-38,-5,HPR3lLhVM7AQwK1Zwz/Y2ZYh6iU=,G9Z8KZ3xxb70Pma3YiaWXVMDvrM=
-35,-8,HPR3lLhVM7AQwK1Zwz/Y2ZYh6iU=,G9Z8KZ3xxb70Pma3YiaWXVMDvrM=
-37,-6,HPR3lLhVM7AQwK1Zwz/Y2ZYh6iU=,G9Z8KZ3xxb70Pma3YiaWXVMDvrM=
-40,-11,HPR3lLhVM7AQwK1Zwz/Y2ZYh6iU=,6hWykAhkG560qL2tZY6FBDEBf0Q=
-44,-12,HPR3lLhVM7AQwK1Zwz/Y2ZYh6iU=,vw/9D4Xv4XZ35ltmyBeNJ0+LdPU=
-45,-12,HPR3lLhVM7AQwK1Zwz/Y2ZYh6iU=,vw/9D4Xv4XZ35ltmyBeNJ0+LdPU=
-38,-6,HPR3lLhVM7AQwK1Zwz/Y2ZYh6iU=,G9Z8KZ3xxb70Pma3YiaWXVMDvrM=
-41,-11,HPR3lLhVM7AQwK1Zwz/Y2ZYh6iU=,vw/9D4Xv4XZ35ltmyBeNJ0+LdPU=
-46,-12,HPR3lLhVM7AQwK1Zwz/Y2ZYh6iU=,vw/9D4Xv4XZ35ltmyBeNJ0+LdPU=
-47,-12,HPR3lLhVM7AQwK1Zwz/Y2ZYh6iU=,vw/9D4Xv4XZ35ltmyBeNJ0+LdPU=
-42,-13,HPR3lLhVM7AQwK1Zwz/Y2ZYh6iU=,vw/9D4Xv4XZ35ltmyBeNJ0+LdPU=
-44,-13,HPR3lLhVM7AQwK1Zwz/Y2ZYh6iU=,vw/9D4Xv4XZ35ltmyBeNJ0+LdPU=
-40,-12,HPR3lLhVM7AQwK1Zwz/Y2ZYh6iU=,6hWykAhkG560qL2tZY6FBDEBf0Q=
-41,-13,HPR3lLhVM7AQwK1Zwz/Y2ZYh6iU=,vw/9D4Xv4XZ35ltmyBeNJ0+LdPU=
-45,-13,HPR3lLhVM7AQwK1Zwz/Y2ZYh6iU=,vw/9D4Xv4XZ35ltmyBeNJ0+LdPU=
-43,-13,HPR3lLhVM7AQwK1Zwz/Y2ZYh6iU=,vw/9D4Xv4XZ35ltmyBeNJ0+LdPU=
-40,-13,HPR3lLhVM7AQwK1Zwz/Y2ZYh6iU=,6hWykAhkG560qL2tZY6FBDEBf0Q=
-47,-10,HPR3lLhVM7AQwK1Zwz/Y2ZYh6iU=,vw/9D4Xv4XZ35ltmyBeNJ0+LdPU=
-46,-13,HPR3lLhVM7AQwK1Zwz/Y2ZYh6iU=,vw/9D4Xv4XZ35ltmyBeNJ0+LdPU=
-42,-14,HPR3lLhVM7AQwK1Zwz/Y2ZYh6iU=,vw/9D4Xv4XZ35ltmyBeNJ0+LdPU=
-41,-14,HPR3lLhVM7AQwK1Zwz/Y2ZYh6iU=,vw/9D4Xv4XZ35ltmyBeNJ0+LdPU=
-47,-13,HPR3lLhVM7AQwK1Zwz/Y2ZYh6iU=,vw/9D4Xv4XZ35ltmyBeNJ0+LdPU=
-40,-14,HPR3lLhVM7AQwK1Zwz/Y2ZYh6iU=,6hWykAhkG560qL2tZY6FBDEBf0Q=
-44,-14,HPR3lLhVM7AQwK1Zwz/Y2ZYh6iU=,vw/9D4Xv4XZ35ltmyBeNJ0+LdPU=
-46,-10,HPR3lLhVM7AQwK1Zwz/Y2ZYh6iU=,vw/9D4Xv4XZ35ltmyBeNJ0+LdPU=
-45,-14,HPR3lLhVM7AQwK1Zwz/Y2ZYh6iU=,vw/9D4Xv4XZ35ltmyBeNJ0+LdPU=
-43,-14,HPR3lLhVM7AQwK1Zwz/Y2ZYh6iU=,vw/9D4Xv4XZ35ltmyBeNJ0+LdPU=
-46,-14,HPR3lLhVM7AQwK1Zwz/Y2ZYh6iU=,vw/9D4Xv4XZ35ltmyBeNJ0+LdPU=
-47,-14,HPR3lLhVM7AQwK1Zwz/Y2ZYh6iU=,vw/9D4Xv4XZ35ltmyBeNJ0+LdPU=
-40,-15,HPR3lLhVM7AQwK1Zwz/Y2ZYh6iU=,6hWykAhkG560qL2tZY6FBDEBf0Q=
-42,-15,HPR3lLhVM7AQwK1Zwz/Y2ZYh6iU=,vw/9D4Xv4XZ35ltmyBeNJ0+LdPU=
-41,-15,HPR3lLhVM7AQwK1Zwz/Y2ZYh6iU=,vw/9D4Xv4XZ35ltmyBeNJ0+LdPU=
-41,-10,HPR3lLhVM7AQwK1Zwz/Y2ZYh6iU=,vw/9D4Xv4XZ35ltmyBeNJ0+LdPU=
-43,-15,HPR3lLhVM7AQwK1Zwz/Y2ZYh6iU=,vw/9D4Xv4XZ35ltmyBeNJ0+LdPU=
-45,-10,HPR3lLhVM7AQwK1Zwz/Y2ZYh6iU=,vw/9D4Xv4XZ35ltmyBeNJ0+LdPU=
-44,-15,HPR3lLhVM7AQwK1Zwz/Y2ZYh6iU=,vw/9D4Xv4XZ35ltmyBeNJ0+LdPU=
-46,-15,HPR3lLhVM7AQwK1Zwz/Y2ZYh6iU=,vw/9D4Xv4XZ35ltmyBeNJ0+LdPU=
-45,-15,HPR3lLhVM7AQwK1Zwz/Y2ZYh6iU=,vw/9D4Xv4XZ35ltmyBeNJ0+LdPU=
-47,-15,HPR3lLhVM7AQwK1Zwz/Y2ZYh6iU=,vw/9D4Xv4XZ35ltmyBeNJ0+LdPU=
-42,-10,HPR3lLhVM7AQwK1Zwz/Y2ZYh6iU=,vw/9D4Xv4XZ35ltmyBeNJ0+LdPU=
-43,-10,HPR3lLhVM7AQwK1Zwz/Y2ZYh6iU=,vw/9D4Xv4XZ35ltmyBeNJ0+LdPU=
-44,-10,HPR3lLhVM7AQwK1Zwz/Y2ZYh6iU=,vw/9D4Xv4XZ35ltmyBeNJ0+LdPU=
-47,-5,HPR3lLhVM7AQwK1Zwz/Y2ZYh6iU=,G9Z8KZ3xxb70Pma3YiaWXVMDvrM=
-41,-6,HPR3lLhVM7AQwK1Zwz/Y2ZYh6iU=,G9Z8KZ3xxb70Pma3YiaWXVMDvrM=
-40,-3,HPR3lLhVM7AQwK1Zwz/Y2ZYh6iU=,G9Z8KZ3xxb70Pma3YiaWXVMDvrM=
-46,-5,HPR3lLhVM7AQwK1Zwz/Y2ZYh6iU=,G9Z8KZ3xxb70Pma3YiaWXVMDvrM=
-42,-6,HPR3lLhVM7AQwK1Zwz/Y2ZYh6iU=,G9Z8KZ3xxb70Pma3YiaWXVMDvrM=
-46,-6,HPR3lLhVM7AQwK1Zwz/Y2ZYh6iU=,G9Z8KZ3xxb70Pma3YiaWXVMDvrM=
-40,-9,HPR3lLhVM7AQwK1Zwz/Y2ZYh6iU=,6hWykAhkG560qL2tZY6FBDEBf0Q=
-45,-5,HPR3lLhVM7AQwK1Zwz/Y2ZYh6iU=,G9Z8KZ3xxb70Pma3YiaWXVMDvrM=
-45,-6,HPR3lLhVM7AQwK1Zwz/Y2ZYh6iU=,G9Z8KZ3xxb70Pma3YiaWXVMDvrM=
-40,-8,HPR3lLhVM7AQwK1Zwz/Y2ZYh6iU=,G9Z8KZ3xxb70Pma3YiaWXVMDvrM=
-47,-6,HPR3lLhVM7AQwK1Zwz/Y2ZYh6iU=,G9Z8KZ3xxb70Pma3YiaWXVMDvrM=
-40,-4,HPR3lLhVM7AQwK1Zwz/Y2ZYh6iU=,G9Z8KZ3xxb70Pma3YiaWXVMDvrM=
-41,-2,HPR3lLhVM7AQwK1Zwz/Y2ZYh6iU=,G9Z8KZ3xxb70Pma3YiaWXVMDvrM=
-42,-7,HPR3lLhVM7AQwK1Zwz/Y2ZYh6iU=,G9Z8KZ3xxb70Pma3YiaWXVMDvrM=
-44,-7,HPR3lLhVM7AQwK1Zwz/Y2ZYh6iU=,G9Z8KZ3xxb70Pma3YiaWXVMDvrM=
-43,-6,HPR3lLhVM7AQwK1Zwz/Y2ZYh6iU=,G9Z8KZ3xxb70Pma3YiaWXVMDvrM=
-43,-7,HPR3lLhVM7AQwK1Zwz/Y2ZYh6iU=,G9Z8KZ3xxb70Pma3YiaWXVMDvrM=
-40,-5,HPR3lLhVM7AQwK1Zwz/Y2ZYh6iU=,G9Z8KZ3xxb70Pma3YiaWXVMDvrM=
-42,-2,HPR3lLhVM7AQwK1Zwz/Y2ZYh6iU=,G9Z8KZ3xxb70Pma3YiaWXVMDvrM=
-43,-2,HPR3lLhVM7AQwK1Zwz/Y2ZYh6iU=,G9Z8KZ3xxb70Pma3YiaWXVMDvrM=
-46,-7,HPR3lLhVM7AQwK1Zwz/Y2ZYh6iU=,G9Z8KZ3xxb70Pma3YiaWXVMDvrM=
-47,-7,HPR3lLhVM7AQwK1Zwz/Y2ZYh6iU=,G9Z8KZ3xxb70Pma3YiaWXVMDvrM=
-42,-8,HPR3lLhVM7AQwK1Zwz/Y2ZYh6iU=,G9Z8KZ3xxb70Pma3YiaWXVMDvrM=
-44,-5,HPR3lLhVM7AQwK1Zwz/Y2ZYh6iU=,G9Z8KZ3xxb70Pma3YiaWXVMDvrM=
-44,-8,HPR3lLhVM7AQwK1Zwz/Y2ZYh6iU=,G9Z8KZ3xxb70Pma3YiaWXVMDvrM=
-43,-8,HPR3lLhVM7AQwK1Zwz/Y2ZYh6iU=,G9Z8KZ3xxb70Pma3YiaWXVMDvrM=
-47,-2,HPR3lLhVM7AQwK1Zwz/Y2ZYh6iU=,G9Z8KZ3xxb70Pma3YiaWXVMDvrM=
-45,-2,HPR3lLhVM7AQwK1Zwz/Y2ZYh6iU=,G9Z8KZ3xxb70Pma3YiaWXVMDvrM=
-41,-7,HPR3lLhVM7AQwK1Zwz/Y2ZYh6iU=,G9Z8KZ3xxb70Pma3YiaWXVMDvrM=
-45,-7,HPR3lLhVM7AQwK1Zwz/Y2ZYh6iU=,G9Z8KZ3xxb70Pma3YiaWXVMDvrM=
-41,-8,HPR3lLhVM7AQwK1Zwz/Y2ZYh6iU=,G9Z8KZ3xxb70Pma3YiaWXVMDvrM=
-45,-8,HPR3lLhVM7AQwK1Zwz/Y2ZYh6iU=,G9Z8KZ3xxb70Pma3YiaWXVMDvrM=
-46,-2,HPR3lLhVM7AQwK1Zwz/Y2ZYh6iU=,G9Z8KZ3xxb70Pma3YiaWXVMDvrM=
-42,-3,HPR3lLhVM7AQwK1Zwz/Y2ZYh6iU=,G9Z8KZ3xxb70Pma3YiaWXVMDvrM=
-41,-3,HPR3lLhVM7AQwK1Zwz/Y2ZYh6iU=,G9Z8KZ3xxb70Pma3YiaWXVMDvrM=
-40,-7,HPR3lLhVM7AQwK1Zwz/Y2ZYh6iU=,G9Z8KZ3xxb70Pma3YiaWXVMDvrM=
-46,-8,HPR3lLhVM7AQwK1Zwz/Y2ZYh6iU=,G9Z8KZ3xxb70Pma3YiaWXVMDvrM=
-44,-2,HPR3lLhVM7AQwK1Zwz/Y2ZYh6iU=,G9Z8KZ3xxb70Pma3YiaWXVMDvrM=
-44,-6,HPR3lLhVM7AQwK1Zwz/Y2ZYh6iU=,G9Z8KZ3xxb70Pma3YiaWXVMDvrM=
-47,-8,HPR3lLhVM7AQwK1Zwz/Y2ZYh6iU=,G9Z8KZ3xxb70Pma3YiaWXVMDvrM=
-43,-9,HPR3lLhVM7AQwK1Zwz/Y2ZYh6iU=,vw/9D4Xv4XZ35ltmyBeNJ0+LdPU=
-42,-9,HPR3lLhVM7AQwK1Zwz/Y2ZYh6iU=,vw/9D4Xv4XZ35ltmyBeNJ0+LdPU=
-41,-9,HPR3lLhVM7AQwK1Zwz/Y2ZYh6iU=,vw/9D4Xv4XZ35ltmyBeNJ0+LdPU=
-43,-3,HPR3lLhVM7AQwK1Zwz/Y2ZYh6iU=,G9Z8KZ3xxb70Pma3YiaWXVMDvrM=
-44,-3,HPR3lLhVM7AQwK1Zwz/Y2ZYh6iU=,G9Z8KZ3xxb70Pma3YiaWXVMDvrM=
-40,-2,HPR3lLhVM7AQwK1Zwz/Y2ZYh6iU=,G9Z8KZ3xxb70Pma3YiaWXVMDvrM=
-44,-9,HPR3lLhVM7AQwK1Zwz/Y2ZYh6iU=,vw/9D4Xv4XZ35ltmyBeNJ0+LdPU=
-45,-3,HPR3lLhVM7AQwK1Zwz/Y2ZYh6iU=,G9Z8KZ3xxb70Pma3YiaWXVMDvrM=
-46,-9,HPR3lLhVM7AQwK1Zwz/Y2ZYh6iU=,vw/9D4Xv4XZ35ltmyBeNJ0+LdPU=
-47,-9,HPR3lLhVM7AQwK1Zwz/Y2ZYh6iU=,vw/9D4Xv4XZ35ltmyBeNJ0+LdPU=
-46,-3,HPR3lLhVM7AQwK1Zwz/Y2ZYh6iU=,G9Z8KZ3xxb70Pma3YiaWXVMDvrM=
-40,-6,HPR3lLhVM7AQwK1Zwz/Y2ZYh6iU=,G9Z8KZ3xxb70Pma3YiaWXVMDvrM=
-43,-5,HPR3lLhVM7AQwK1Zwz/Y2ZYh6iU=,G9Z8KZ3xxb70Pma3YiaWXVMDvrM=
-45,-9,HPR3lLhVM7AQwK1Zwz/Y2ZYh6iU=,vw/9D4Xv4XZ35ltmyBeNJ0+LdPU=
-47,-3,HPR3lLhVM7AQwK1Zwz/Y2ZYh6iU=,G9Z8KZ3xxb70Pma3YiaWXVMDvrM=
-47,-4,HPR3lLhVM7AQwK1Zwz/Y2ZYh6iU=,G9Z8KZ3xxb70Pma3YiaWXVMDvrM=
-42,-4,HPR3lLhVM7AQwK1Zwz/Y2ZYh6iU=,G9Z8KZ3xxb70Pma3YiaWXVMDvrM=
-41,-4,HPR3lLhVM7AQwK1Zwz/Y2ZYh6iU=,G9Z8KZ3xxb70Pma3YiaWXVMDvrM=
-43,-4,HPR3lLhVM7AQwK1Zwz/Y2ZYh6iU=,G9Z8KZ3xxb70Pma3YiaWXVMDvrM=
-44,-4,HPR3lLhVM7AQwK1Zwz/Y2ZYh6iU=,G9Z8KZ3xxb70Pma3YiaWXVMDvrM=
-46,-4,HPR3lLhVM7AQwK1Zwz/Y2ZYh6iU=,G9Z8KZ3xxb70Pma3YiaWXVMDvrM=
-42,-5,HPR3lLhVM7AQwK1Zwz/Y2ZYh6iU=,G9Z8KZ3xxb70Pma3YiaWXVMDvrM=
-41,-5,HPR3lLhVM7AQwK1Zwz/Y2ZYh6iU=,G9Z8KZ3xxb70Pma3YiaWXVMDvrM=
-45,-4,HPR3lLhVM7AQwK1Zwz/Y2ZYh6iU=,G9Z8KZ3xxb70Pma3YiaWXVMDvrM=
-43,-1,HPR3lLhVM7AQwK1Zwz/Y2ZYh6iU=,G9Z8KZ3xxb70Pma3YiaWXVMDvrM=
-46,-1,HPR3lLhVM7AQwK1Zwz/Y2ZYh6iU=,G9Z8KZ3xxb70Pma3YiaWXVMDvrM=
-42,-1,HPR3lLhVM7AQwK1Zwz/Y2ZYh6iU=,G9Z8KZ3xxb70Pma3YiaWXVMDvrM=
-45,-1,HPR3lLhVM7AQwK1Zwz/Y2ZYh6iU=,G9Z8KZ3xxb70Pma3YiaWXVMDvrM=
-37,-1,HPR3lLhVM7AQwK1Zwz/Y2ZYh6iU=,G9Z8KZ3xxb70Pma3YiaWXVMDvrM=
-44,-1,HPR3lLhVM7AQwK1Zwz/Y2ZYh6iU=,G9Z8KZ3xxb70Pma3YiaWXVMDvrM=
-47,-1,HPR3lLhVM7AQwK1Zwz/Y2ZYh6iU=,G9Z8KZ3xxb70Pma3YiaWXVMDvrM=
-33,-7,HPR3lLhVM7AQwK1Zwz/Y2ZYh6iU=,G9Z8KZ3xxb70Pma3YiaWXVMDvrM=
-34,-1,HPR3lLhVM7AQwK1Zwz/Y2ZYh6iU=,G9Z8KZ3xxb70Pma3YiaWXVMDvrM=
-33,-3,HPR3lLhVM7AQwK1Zwz/Y2ZYh6iU=,G9Z8KZ3xxb70Pma3YiaWXVMDvrM=
-36,-1,HPR3lLhVM7AQwK1Zwz/Y2ZYh6iU=,G9Z8KZ3xxb70Pma3YiaWXVMDvrM=
-33,-6,HPR3lLhVM7AQwK1Zwz/Y2ZYh6iU=,G9Z8KZ3xxb70Pma3YiaWXVMDvrM=
-33,-5,HPR3lLhVM7AQwK1Zwz/Y2ZYh6iU=,G9Z8KZ3xxb70Pma3YiaWXVMDvrM=
-38,-1,HPR3lLhVM7AQwK1Zwz/Y2ZYh6iU=,G9Z8KZ3xxb70Pma3YiaWXVMDvrM=
-33,-2,HPR3lLhVM7AQwK1Zwz/Y2ZYh6iU=,G9Z8KZ3xxb70Pma3YiaWXVMDvrM=
-40,-1,HPR3lLhVM7AQwK1Zwz/Y2ZYh6iU=,G9Z8KZ3xxb70Pma3YiaWXVMDvrM=
-33,-4,HPR3lLhVM7AQwK1Zwz/Y2ZYh6iU=,G9Z8KZ3xxb70Pma3YiaWXVMDvrM=
-39,-1,HPR3lLhVM7AQwK1Zwz/Y2ZYh6iU=,G9Z8KZ3xxb70Pma3YiaWXVMDvrM=
-35,-1,HPR3lLhVM7AQwK1Zwz/Y2ZYh6iU=,G9Z8KZ3xxb70Pma3YiaWXVMDvrM=
-33,-12,HPR3lLhVM7AQwK1Zwz/Y2ZYh6iU=,6hWykAhkG560qL2tZY6FBDEBf0Q=
-41,-1,HPR3lLhVM7AQwK1Zwz/Y2ZYh6iU=,G9Z8KZ3xxb70Pma3YiaWXVMDvrM=
-33,-15,HPR3lLhVM7AQwK1Zwz/Y2ZYh6iU=,6hWykAhkG560qL2tZY6FBDEBf0Q=
-33,-8,HPR3lLhVM7AQwK1Zwz/Y2ZYh6iU=,G9Z8KZ3xxb70Pma3YiaWXVMDvrM=
-33,-13,HPR3lLhVM7AQwK1Zwz/Y2ZYh6iU=,6hWykAhkG560qL2tZY6FBDEBf0Q=
-33,-9,HPR3lLhVM7AQwK1Zwz/Y2ZYh6iU=,6hWykAhkG560qL2tZY6FBDEBf0Q=
-33,-14,HPR3lLhVM7AQwK1Zwz/Y2ZYh6iU=,6hWykAhkG560qL2tZY6FBDEBf0Q=
-33,-11,HPR3lLhVM7AQwK1Zwz/Y2ZYh6iU=,6hWykAhkG560qL2tZY6FBDEBf0Q=
-33,-10,HPR3lLhVM7AQwK1Zwz/Y2ZYh6iU=,6hWykAhkG560qL2tZY6FBDEBf0Q=
-38,-16,HPR3lLhVM7AQwK1Zwz/Y2ZYh6iU=,6hWykAhkG560qL2tZY6FBDEBf0Q=
-39,-16,HPR3lLhVM7AQwK1Zwz/Y2ZYh6iU=,6hWykAhkG560qL2tZY6FBDEBf0Q=
-34,-16,HPR3lLhVM7AQwK1Zwz/Y2ZYh6iU=,6hWykAhkG560qL2tZY6FBDEBf0Q=
-37,-16,HPR3lLhVM7AQwK1Zwz/Y2ZYh6iU=,6hWykAhkG560qL2tZY6FBDEBf0Q=
-36,-16,HPR3lLhVM7AQwK1Zwz/Y2ZYh6iU=,6hWykAhkG560qL2tZY6FBDEBf0Q=
-35,-16,HPR3lLhVM7AQwK1Zwz/Y2ZYh6iU=,6hWykAhkG560qL2tZY6FBDEBf0Q=
-48,-11,HPR3lLhVM7AQwK1Zwz/Y2ZYh6iU=,vw/9D4Xv4XZ35ltmyBeNJ0+LdPU=
-48,-10,HPR3lLhVM7AQwK1Zwz/Y2ZYh6iU=,vw/9D4Xv4XZ35ltmyBeNJ0+LdPU=
-48,-13,HPR3lLhVM7AQwK1Zwz/Y2ZYh6iU=,vw/9D4Xv4XZ35ltmyBeNJ0+LdPU=
-48,-14,HPR3lLhVM7AQwK1Zwz/Y2ZYh6iU=,vw/9D4Xv4XZ35ltmyBeNJ0+LdPU=
-48,-15,HPR3lLhVM7AQwK1Zwz/Y2ZYh6iU=,vw/9D4Xv4XZ35ltmyBeNJ0+LdPU=
-48,-12,HPR3lLhVM7AQwK1Zwz/Y2ZYh6iU=,vw/9D4Xv4XZ35ltmyBeNJ0+LdPU=
-47,-16,HPR3lLhVM7AQwK1Zwz/Y2ZYh6iU=,vw/9D4Xv4XZ35ltmyBeNJ0+LdPU=
-42,-16,HPR3lLhVM7AQwK1Zwz/Y2ZYh6iU=,vw/9D4Xv4XZ35ltmyBeNJ0+LdPU=
-41,-16,HPR3lLhVM7AQwK1Zwz/Y2ZYh6iU=,vw/9D4Xv4XZ35ltmyBeNJ0+LdPU=
-45,-16,HPR3lLhVM7AQwK1Zwz/Y2ZYh6iU=,vw/9D4Xv4XZ35ltmyBeNJ0+LdPU=
-43,-16,HPR3lLhVM7AQwK1Zwz/Y2ZYh6iU=,vw/9D4Xv4XZ35ltmyBeNJ0+LdPU=
-40,-16,HPR3lLhVM7AQwK1Zwz/Y2ZYh6iU=,6hWykAhkG560qL2tZY6FBDEBf0Q=
-46,-16,HPR3lLhVM7AQwK1Zwz/Y2ZYh6iU=,vw/9D4Xv4XZ35ltmyBeNJ0+LdPU=
-48,-7,HPR3lLhVM7AQwK1Zwz/Y2ZYh6iU=,G9Z8KZ3xxb70Pma3YiaWXVMDvrM=
-48,-5,HPR3lLhVM7AQwK1Zwz/Y2ZYh6iU=,G9Z8KZ3xxb70Pma3YiaWXVMDvrM=
-44,-16,HPR3lLhVM7AQwK1Zwz/Y2ZYh6iU=,vw/9D4Xv4XZ35ltmyBeNJ0+LdPU=
-48,-8,HPR3lLhVM7AQwK1Zwz/Y2ZYh6iU=,G9Z8KZ3xxb70Pma3YiaWXVMDvrM=
-48,-3,HPR3lLhVM7AQwK1Zwz/Y2ZYh6iU=,G9Z8KZ3xxb70Pma3YiaWXVMDvrM=
-48,-6,HPR3lLhVM7AQwK1Zwz/Y2ZYh6iU=,G9Z8KZ3xxb70Pma3YiaWXVMDvrM=
-48,-4,HPR3lLhVM7AQwK1Zwz/Y2ZYh6iU=,G9Z8KZ3xxb70Pma3YiaWXVMDvrM=
-48,-9,HPR3lLhVM7AQwK1Zwz/Y2ZYh6iU=,vw/9D4Xv4XZ35ltmyBeNJ0+LdPU=
-48,-1,HPR3lLhVM7AQwK1Zwz/Y2ZYh6iU=,G9Z8KZ3xxb70Pma3YiaWXVMDvrM=
-48,-2,HPR3lLhVM7AQwK1Zwz/Y2ZYh6iU=,G9Z8KZ3xxb70Pma3YiaWXVMDvrM=
-33,-16,HPR3lLhVM7AQwK1Zwz/Y2ZYh6iU=,6hWykAhkG560qL2tZY6FBDEBf0Q=
-33,-1,HPR3lLhVM7AQwK1Zwz/Y2ZYh6iU=,G9Z8KZ3xxb70Pma3YiaWXVMDvrM=
-48,-16,HPR3lLhVM7AQwK1Zwz/Y2ZYh6iU=,vw/9D4Xv4XZ35ltmyBeNJ0+LdPU=
-34,-19,HPR3lLhVM7AQwK1Zwz/Y2ZYh6iU=,YYTvaOS1HHurFbsYMjRID2pLXXQ=
-36,-23,HPR3lLhVM7AQwK1Zwz/Y2ZYh6iU=,YYTvaOS1HHurFbsYMjRID2pLXXQ=
-38,-22,HPR3lLhVM7AQwK1Zwz/Y2ZYh6iU=,YYTvaOS1HHurFbsYMjRID2pLXXQ=
-39,-20,HPR3lLhVM7AQwK1Zwz/Y2ZYh6iU=,YYTvaOS1HHurFbsYMjRID2pLXXQ=
-37,-22,HPR3lLhVM7AQwK1Zwz/Y2ZYh6iU=,YYTvaOS1HHurFbsYMjRID2pLXXQ=
-36,-22,HPR3lLhVM7AQwK1Zwz/Y2ZYh6iU=,YYTvaOS1HHurFbsYMjRID2pLXXQ=
-35,-18,HPR3lLhVM7AQwK1Zwz/Y2ZYh6iU=,YYTvaOS1HHurFbsYMjRID2pLXXQ=
-36,-18,HPR3lLhVM7AQwK1Zwz/Y2ZYh6iU=,YYTvaOS1HHurFbsYMjRID2pLXXQ=
-35,-19,HPR3lLhVM7AQwK1Zwz/Y2ZYh6iU=,YYTvaOS1HHurFbsYMjRID2pLXXQ=
-37,-18,HPR3lLhVM7AQwK1Zwz/Y2ZYh6iU=,YYTvaOS1HHurFbsYMjRID2pLXXQ=
-39,-22,HPR3lLhVM7AQwK1Zwz/Y2ZYh6iU=,YYTvaOS1HHurFbsYMjRID2pLXXQ=
-37,-23,HPR3lLhVM7AQwK1Zwz/Y2ZYh6iU=,YYTvaOS1HHurFbsYMjRID2pLXXQ=
-36,-19,HPR3lLhVM7AQwK1Zwz/Y2ZYh6iU=,YYTvaOS1HHurFbsYMjRID2pLXXQ=
-38,-23,HPR3lLhVM7AQwK1Zwz/Y2ZYh6iU=,YYTvaOS1HHurFbsYMjRID2pLXXQ=
-34,-18,HPR3lLhVM7AQwK1Zwz/Y2ZYh6iU=,YYTvaOS1HHurFbsYMjRID2pLXXQ=
-38,-18,HPR3lLhVM7AQwK1Zwz/Y2ZYh6iU=,YYTvaOS1HHurFbsYMjRID2pLXXQ=
-35,-20,HPR3lLhVM7AQwK1Zwz/Y2ZYh6iU=,YYTvaOS1HHurFbsYMjRID2pLXXQ=
-37,-19,HPR3lLhVM7AQwK1Zwz/Y2ZYh6iU=,YYTvaOS1HHurFbsYMjRID2pLXXQ=
-39,-18,HPR3lLhVM7AQwK1Zwz/Y2ZYh6iU=,YYTvaOS1HHurFbsYMjRID2pLXXQ=
-36,-20,HPR3lLhVM7AQwK1Zwz/Y2ZYh6iU=,YYTvaOS1HHurFbsYMjRID2pLXXQ=
-39,-23,HPR3lLhVM7AQwK1Zwz/Y2ZYh6iU=,YYTvaOS1HHurFbsYMjRID2pLXXQ=
-38,-19,HPR3lLhVM7AQwK1Zwz/Y2ZYh6iU=,YYTvaOS1HHurFbsYMjRID2pLXXQ=
-39,-19,HPR3lLhVM7AQwK1Zwz/Y2ZYh6iU=,YYTvaOS1HHurFbsYMjRID2pLXXQ=
-38,-20,HPR3lLhVM7AQwK1Zwz/Y2ZYh6iU=,YYTvaOS1HHurFbsYMjRID2pLXXQ=
-37,-20,HPR3lLhVM7AQwK1Zwz/Y2ZYh6iU=,YYTvaOS1HHurFbsYMjRID2pLXXQ=
-34,-23,HPR3lLhVM7AQwK1Zwz/Y2ZYh6iU=,YYTvaOS1HHurFbsYMjRID2pLXXQ=
-34,-21,HPR3lLhVM7AQwK1Zwz/Y2ZYh6iU=,YYTvaOS1HHurFbsYMjRID2pLXXQ=
-35,-21,HPR3lLhVM7AQwK1Zwz/Y2ZYh6iU=,YYTvaOS1HHurFbsYMjRID2pLXXQ=
-36,-21,HPR3lLhVM7AQwK1Zwz/Y2ZYh6iU=,YYTvaOS1HHurFbsYMjRID2pLXXQ=
-35,-23,HPR3lLhVM7AQwK1Zwz/Y2ZYh6iU=,YYTvaOS1HHurFbsYMjRID2pLXXQ=
-39,-21,HPR3lLhVM7AQwK1Zwz/Y2ZYh6iU=,YYTvaOS1HHurFbsYMjRID2pLXXQ=
-37,-21,HPR3lLhVM7AQwK1Zwz/Y2ZYh6iU=,YYTvaOS1HHurFbsYMjRID2pLXXQ=
-38,-21,HPR3lLhVM7AQwK1Zwz/Y2ZYh6iU=,YYTvaOS1HHurFbsYMjRID2pLXXQ=
-34,-22,HPR3lLhVM7AQwK1Zwz/Y2ZYh6iU=,YYTvaOS1HHurFbsYMjRID2pLXXQ=
-35,-22,HPR3lLhVM7AQwK1Zwz/Y2ZYh6iU=,YYTvaOS1HHurFbsYMjRID2pLXXQ=
-34,-20,HPR3lLhVM7AQwK1Zwz/Y2ZYh6iU=,YYTvaOS1HHurFbsYMjRID2pLXXQ=
-47,-27,HPR3lLhVM7AQwK1Zwz/Y2ZYh6iU=,kkzK9e2X9fX3JeUu72KIKgs4dWo=
-40,-18,HPR3lLhVM7AQwK1Zwz/Y2ZYh6iU=,YYTvaOS1HHurFbsYMjRID2pLXXQ=
-46,-27,HPR3lLhVM7AQwK1Zwz/Y2ZYh6iU=,kkzK9e2X9fX3JeUu72KIKgs4dWo=
-36,-25,HPR3lLhVM7AQwK1Zwz/Y2ZYh6iU=,kkzK9e2X9fX3JeUu72KIKgs4dWo=
-44,-27,HPR3lLhVM7AQwK1Zwz/Y2ZYh6iU=,kkzK9e2X9fX3JeUu72KIKgs4dWo=
-45,-21,HPR3lLhVM7AQwK1Zwz/Y2ZYh6iU=,lL11mgerG9yZyC+M4KBgLGPmpWE=
-45,-27,HPR3lLhVM7AQwK1Zwz/Y2ZYh6iU=,kkzK9e2X9fX3JeUu72KIKgs4dWo=
-44,-28,HPR3lLhVM7AQwK1Zwz/Y2ZYh6iU=,kkzK9e2X9fX3JeUu72KIKgs4dWo=
-45,-28,HPR3lLhVM7AQwK1Zwz/Y2ZYh6iU=,kkzK9e2X9fX3JeUu72KIKgs4dWo=
-42,-29,HPR3lLhVM7AQwK1Zwz/Y2ZYh6iU=,kkzK9e2X9fX3JeUu72KIKgs4dWo=
-46,-28,HPR3lLhVM7AQwK1Zwz/Y2ZYh6iU=,kkzK9e2X9fX3JeUu72KIKgs4dWo=
-43,-29,HPR3lLhVM7AQwK1Zwz/Y2ZYh6iU=,kkzK9e2X9fX3JeUu72KIKgs4dWo=
-40,-24,HPR3lLhVM7AQwK1Zwz/Y2ZYh6iU=,YYTvaOS1HHurFbsYMjRID2pLXXQ=
-44,-29,HPR3lLhVM7AQwK1Zwz/Y2ZYh6iU=,kkzK9e2X9fX3JeUu72KIKgs4dWo=
-35,-25,HPR3lLhVM7AQwK1Zwz/Y2ZYh6iU=,kkzK9e2X9fX3JeUu72KIKgs4dWo=
-47,-28,HPR3lLhVM7AQwK1Zwz/Y2ZYh6iU=,kkzK9e2X9fX3JeUu72KIKgs4dWo=
-46,-21,HPR3lLhVM7AQwK1Zwz/Y2ZYh6iU=,lL11mgerG9yZyC+M4KBgLGPmpWE=
-47,-21,HPR3lLhVM7AQwK1Zwz/Y2ZYh6iU=,lL11mgerG9yZyC+M4KBgLGPmpWE=
-40,-25,HPR3lLhVM7AQwK1Zwz/Y2ZYh6iU=,kkzK9e2X9fX3JeUu72KIKgs4dWo=
-42,-22,HPR3lLhVM7AQwK1Zwz/Y2ZYh6iU=,lL11mgerG9yZyC+M4KBgLGPmpWE=
-41,-22,HPR3lLhVM7AQwK1Zwz/Y2ZYh6iU=,lL11mgerG9yZyC+M4KBgLGPmpWE=
-45,-22,HPR3lLhVM7AQwK1Zwz/Y2ZYh6iU=,lL11mgerG9yZyC+M4KBgLGPmpWE=
-43,-22,HPR3lLhVM7AQwK1Zwz/Y2ZYh6iU=,lL11mgerG9yZyC+M4KBgLGPmpWE=
-40,-20,HPR3lLhVM7AQwK1Zwz/Y2ZYh6iU=,YYTvaOS1HHurFbsYMjRID2pLXXQ=
-34,-25,HPR3lLhVM7AQwK1Zwz/Y2ZYh6iU=,kkzK9e2X9fX3JeUu72KIKgs4dWo=
-47,-22,HPR3lLhVM7AQwK1Zwz/Y2ZYh6iU=,lL11mgerG9yZyC+M4KBgLGPmpWE=
-45,-29,HPR3lLhVM7AQwK1Zwz/Y2ZYh6iU=,kkzK9e2X9fX3JeUu72KIKgs4dWo=
-41,-23,HPR3lLhVM7AQwK1Zwz/Y2ZYh6iU=,lL11mgerG9yZyC+M4KBgLGPmpWE=
-41,-18,HPR3lLhVM7AQwK1Zwz/Y2ZYh6iU=,lL11mgerG9yZyC+M4KBgLGPmpWE=
-46,-29,HPR3lLhVM7AQwK1Zwz/Y2ZYh6iU=,kkzK9e2X9fX3JeUu72KIKgs4dWo=
-43,-27,HPR3lLhVM7AQwK1Zwz/Y2ZYh6iU=,kkzK9e2X9fX3JeUu72KIKgs4dWo=
-42,-23,HPR3lLhVM7AQwK1Zwz/Y2ZYh6iU=,lL11mgerG9yZyC+M4KBgLGPmpWE=
-47,-29,HPR3lLhVM7AQwK1Zwz/Y2ZYh6iU=,kkzK9e2X9fX3JeUu72KIKgs4dWo=
-43,-23,HPR3lLhVM7AQwK1Zwz/Y2ZYh6iU=,lL11mgerG9yZyC+M4KBgLGPmpWE=
-44,-23,HPR3lLhVM7AQwK1Zwz/Y2ZYh6iU=,lL11mgerG9yZyC+M4KBgLGPmpWE=
-44,-21,HPR3lLhVM7AQwK1Zwz/Y2ZYh6iU=,lL11mgerG9yZyC+M4KBgLGPmpWE=
-41,-27,HPR3lLhVM7AQwK1Zwz/Y2ZYh6iU=,kkzK9e2X9fX3JeUu72KIKgs4dWo=
-45,-23,HPR3lLhVM7AQwK1Zwz/Y2ZYh6iU=,lL11mgerG9yZyC+M4KBgLGPmpWE=
-42,-30,HPR3lLhVM7AQwK1Zwz/Y2ZYh6iU=,kkzK9e2X9fX3JeUu72KIKgs4dWo=
-42,-18,HPR3lLhVM7AQwK1Zwz/Y2ZYh6iU=,lL11mgerG9yZyC+M4KBgLGPmpWE=
-43,-18,HPR3lLhVM7AQwK1Zwz/Y2ZYh6iU=,lL11mgerG9yZyC+M4KBgLGPmpWE=
-44,-18,HPR3lLhVM7AQwK1Zwz/Y2ZYh6iU=,lL11mgerG9yZyC+M4KBgLGPmpWE=
-43,-21,HPR3lLhVM7AQwK1Zwz/Y2ZYh6iU=,lL11mgerG9yZyC+M4KBgLGPmpWE=
-46,-23,HPR3lLhVM7AQwK1Zwz/Y2ZYh6iU=,lL11mgerG9yZyC+M4KBgLGPmpWE=
-43,-28,HPR3lLhVM7AQwK1Zwz/Y2ZYh6iU=,kkzK9e2X9fX3JeUu72KIKgs4dWo=
-45,-18,HPR3lLhVM7AQwK1Zwz/Y2ZYh6iU=,lL11mgerG9yZyC+M4KBgLGPmpWE=
-39,-24,HPR3lLhVM7AQwK1Zwz/Y2ZYh6iU=,YYTvaOS1HHurFbsYMjRID2pLXXQ=
-47,-23,HPR3lLhVM7AQwK1Zwz/Y2ZYh6iU=,lL11mgerG9yZyC+M4KBgLGPmpWE=
-47,-18,HPR3lLhVM7AQwK1Zwz/Y2ZYh6iU=,lL11mgerG9yZyC+M4KBgLGPmpWE=
-46,-18,HPR3lLhVM7AQwK1Zwz/Y2ZYh6iU=,lL11mgerG9yZyC+M4KBgLGPmpWE=
-43,-30,HPR3lLhVM7AQwK1Zwz/Y2ZYh6iU=,kkzK9e2X9fX3JeUu72KIKgs4dWo=
-44,-30,HPR3lLhVM7AQwK1Zwz/Y2ZYh6iU=,kkzK9e2X9fX3JeUu72KIKgs4dWo=
-41,-24,HPR3lLhVM7AQwK1Zwz/Y2ZYh6iU=,lL11mgerG9yZyC+M4KBgLGPmpWE=
-45,-30,HPR3lLhVM7AQwK1Zwz/Y2ZYh6iU=,kkzK9e2X9fX3JeUu72KIKgs4dWo=
-41,-19,HPR3lLhVM7AQwK1Zwz/Y2ZYh6iU=,lL11mgerG9yZyC+M4KBgLGPmpWE=
-42,-27,HPR3lLhVM7AQwK1Zwz/Y2ZYh6iU=,kkzK9e2X9fX3JeUu72KIKgs4dWo=
-42,-21,HPR3lLhVM7AQwK1Zwz/Y2ZYh6iU=,lL11mgerG9yZyC+M4KBgLGPmpWE=
-42,-19,HPR3lLhVM7AQwK1Zwz/Y2ZYh6iU=,lL11mgerG9yZyC+M4KBgLGPmpWE=
-43,-19,HPR3lLhVM7AQwK1Zwz/Y2ZYh6iU=,lL11mgerG9yZyC+M4KBgLGPmpWE=
-36,-24,HPR3lLhVM7AQwK1Zwz/Y2ZYh6iU=,YYTvaOS1HHurFbsYMjRID2pLXXQ=
-40,-23,HPR3lLhVM7AQwK1Zwz/Y2ZYh6iU=,YYTvaOS1HHurFbsYMjRID2pLXXQ=
-45,-19,HPR3lLhVM7AQwK1Zwz/Y2ZYh6iU=,lL11mgerG9yZyC+M4KBgLGPmpWE=
-44,-19,HPR3lLhVM7AQwK1Zwz/Y2ZYh6iU=,lL11mgerG9yZyC+M4KBgLGPmpWE=
-46,-30,HPR3lLhVM7AQwK1Zwz/Y2ZYh6iU=,kkzK9e2X9fX3JeUu72KIKgs4dWo=
-42,-24,HPR3lLhVM7AQwK1Zwz/Y2ZYh6iU=,lL11mgerG9yZyC+M4KBgLGPmpWE=
-47,-26,HPR3lLhVM7AQwK1Zwz/Y2ZYh6iU=,kkzK9e2X9fX3JeUu72KIKgs4dWo=
-42,-31,HPR3lLhVM7AQwK1Zwz/Y2ZYh6iU=,kkzK9e2X9fX3JeUu72KIKgs4dWo=
-41,-21,HPR3lLhVM7AQwK1Zwz/Y2ZYh6iU=,lL11mgerG9yZyC+M4KBgLGPmpWE=
-47,-30,HPR3lLhVM7AQwK1Zwz/Y2ZYh6iU=,kkzK9e2X9fX3JeUu72KIKgs4dWo=
-43,-31,HPR3lLhVM7AQwK1Zwz/Y2ZYh6iU=,kkzK9e2X9fX3JeUu72KIKgs4dWo=
-44,-31,HPR3lLhVM7AQwK1Zwz/Y2ZYh6iU=,kkzK9e2X9fX3JeUu72KIKgs4dWo=
-43,-24,HPR3lLhVM7AQwK1Zwz/Y2ZYh6iU=,lL11mgerG9yZyC+M4KBgLGPmpWE=
-46,-19,HPR3lLhVM7AQwK1Zwz/Y2ZYh6iU=,lL11mgerG9yZyC+M4KBgLGPmpWE=
-44,-24,HPR3lLhVM7AQwK1Zwz/Y2ZYh6iU=,lL11mgerG9yZyC+M4KBgLGPmpWE=
-47,-19,HPR3lLhVM7AQwK1Zwz/Y2ZYh6iU=,lL11mgerG9yZyC+M4KBgLGPmpWE=
-41,-20,HPR3lLhVM7AQwK1Zwz/Y2ZYh6iU=,lL11mgerG9yZyC+M4KBgLGPmpWE=
-45,-31,HPR3lLhVM7AQwK1Zwz/Y2ZYh6iU=,kkzK9e2X9fX3JeUu72KIKgs4dWo=
-41,-26,HPR3lLhVM7AQwK1Zwz/Y2ZYh6iU=,kkzK9e2X9fX3JeUu72KIKgs4dWo=
-40,-21,HPR3lLhVM7AQwK1Zwz/Y2ZYh6iU=,YYTvaOS1HHurFbsYMjRID2pLXXQ=
-47,-31,HPR3lLhVM7AQwK1Zwz/Y2ZYh6iU=,kkzK9e2X9fX3JeUu72KIKgs4dWo=
-42,-20,HPR3lLhVM7AQwK1Zwz/Y2ZYh6iU=,lL11mgerG9yZyC+M4KBgLGPmpWE=
-42,-28,HPR3lLhVM7AQwK1Zwz/Y2ZYh6iU=,kkzK9e2X9fX3JeUu72KIKgs4dWo=
-45,-24,HPR3lLhVM7AQwK1Zwz/Y2ZYh6iU=,lL11mgerG9yZyC+M4KBgLGPmpWE=
-42,-26,HPR3lLhVM7AQwK1Zwz/Y2ZYh6iU=,kkzK9e2X9fX3JeUu72KIKgs4dWo=
-43,-20,HPR3lLhVM7AQwK1Zwz/Y2ZYh6iU=,lL11mgerG9yZyC+M4KBgLGPmpWE=
-46,-26,HPR3lLhVM7AQwK1Zwz/Y2ZYh6iU=,kkzK9e2X9fX3JeUu72KIKgs4dWo=
-41,-25,HPR3lLhVM7AQwK1Zwz/Y2ZYh6iU=,kkzK9e2X9fX3JeUu72KIKgs4dWo=
-47,-20,HPR3lLhVM7AQwK1Zwz/Y2ZYh6iU=,lL11mgerG9yZyC+M4KBgLGPmpWE=
-38,-24,HPR3lLhVM7AQwK1Zwz/Y2ZYh6iU=,YYTvaOS1HHurFbsYMjRID2pLXXQ=
-47,-24,HPR3lLhVM7AQwK1Zwz/Y2ZYh6iU=,lL11mgerG9yZyC+M4KBgLGPmpWE=
-46,-24,HPR3lLhVM7AQwK1Zwz/Y2ZYh6iU=,lL11mgerG9yZyC+M4KBgLGPmpWE=
-46,-31,HPR3lLhVM7AQwK1Zwz/Y2ZYh6iU=,kkzK9e2X9fX3JeUu72KIKgs4dWo=
-43,-26,HPR3lLhVM7AQwK1Zwz/Y2ZYh6iU=,kkzK9e2X9fX3JeUu72KIKgs4dWo=
-40,-19,HPR3lLhVM7AQwK1Zwz/Y2ZYh6iU=,YYTvaOS1HHurFbsYMjRID2pLXXQ=
-44,-20,HPR3lLhVM7AQwK1Zwz/Y2ZYh6iU=,lL11mgerG9yZyC+M4KBgLGPmpWE=
-45,-20,HPR3lLhVM7AQwK1Zwz/Y2ZYh6iU=,lL11mgerG9yZyC+M4KBgLGPmpWE=
-42,-25,HPR3lLhVM7AQwK1Zwz/Y2ZYh6iU=,kkzK9e2X9fX3JeUu72KIKgs4dWo=
-46,-20,HPR3lLhVM7AQwK1Zwz/Y2ZYh6iU=,lL11mgerG9yZyC+M4KBgLGPmpWE=
-44,-26,HPR3lLhVM7AQwK1Zwz/Y2ZYh6iU=,kkzK9e2X9fX3JeUu72KIKgs4dWo=
-37,-25,HPR3lLhVM7AQwK1Zwz/Y2ZYh6iU=,kkzK9e2X9fX3JeUu72KIKgs4dWo=
-44,-25,HPR3lLhVM7AQwK1Zwz/Y2ZYh6iU=,kkzK9e2X9fX3JeUu72KIKgs4dWo=
-39,-25,HPR3lLhVM7AQwK1Zwz/Y2ZYh6iU=,kkzK9e2X9fX3JeUu72KIKgs4dWo=
-34,-26,HPR3lLhVM7AQwK1Zwz/Y2ZYh6iU=,kkzK9e2X9fX3JeUu72KIKgs4dWo=
-35,-26,HPR3lLhVM7AQwK1Zwz/Y2ZYh6iU=,kkzK9e2X9fX3JeUu72KIKgs4dWo=
-40,-31,HPR3lLhVM7AQwK1Zwz/Y2ZYh6iU=,kkzK9e2X9fX3JeUu72KIKgs4dWo=
-45,-25,HPR3lLhVM7AQwK1Zwz/Y2ZYh6iU=,kkzK9e2X9fX3JeUu72KIKgs4dWo=
-38,-25,HPR3lLhVM7AQwK1Zwz/Y2ZYh6iU=,kkzK9e2X9fX3JeUu72KIKgs4dWo=
-37,-26,HPR3lLhVM7AQwK1Zwz/Y2ZYh6iU=,kkzK9e2X9fX3JeUu72KIKgs4dWo=
-36,-26,HPR3lLhVM7AQwK1Zwz/Y2ZYh6iU=,kkzK9e2X9fX3JeUu72KIKgs4dWo=
-38,-26,HPR3lLhVM7AQwK1Zwz/Y2ZYh6iU=,kkzK9e2X9fX3JeUu72KIKgs4dWo=
-46,-25,HPR3lLhVM7AQwK1Zwz/Y2ZYh6iU=,kkzK9e2X9fX3JeUu72KIKgs4dWo=
-47,-25,HPR3lLhVM7AQwK1Zwz/Y2ZYh6iU=,kkzK9e2X9fX3JeUu72KIKgs4dWo=
-39,-26,HPR3lLhVM7AQwK1Zwz/Y2ZYh6iU=,kkzK9e2X9fX3JeUu72KIKgs4dWo=
-45,-26,HPR3lLhVM7AQwK1Zwz/Y2ZYh6iU=,kkzK9e2X9fX3JeUu72KIKgs4dWo=
-40,-26,HPR3lLhVM7AQwK1Zwz/Y2ZYh6iU=,kkzK9e2X9fX3JeUu72KIKgs4dWo=
-34,-27,HPR3lLhVM7AQwK1Zwz/Y2ZYh6iU=,kkzK9e2X9fX3JeUu72KIKgs4dWo=
-35,-27,HPR3lLhVM7AQwK1Zwz/Y2ZYh6iU=,kkzK9e2X9fX3JeUu72KIKgs4dWo=
-36,-27,HPR3lLhVM7AQwK1Zwz/Y2ZYh6iU=,kkzK9e2X9fX3JeUu72KIKgs4dWo=
-41,-28,HPR3lLhVM7AQwK1Zwz/Y2ZYh6iU=,kkzK9e2X9fX3JeUu72KIKgs4dWo=
-37,-27,HPR3lLhVM7AQwK1Zwz/Y2ZYh6iU=,kkzK9e2X9fX3JeUu72KIKgs4dWo=
-38,-27,HPR3lLhVM7AQwK1Zwz/Y2ZYh6iU=,kkzK9e2X9fX3JeUu72KIKgs4dWo=
-37,-24,HPR3lLhVM7AQwK1Zwz/Y2ZYh6iU=,YYTvaOS1HHurFbsYMjRID2pLXXQ=
-39,-27,HPR3lLhVM7AQwK1Zwz/Y2ZYh6iU=,kkzK9e2X9fX3JeUu72KIKgs4dWo=
-34,-28,HPR3lLhVM7AQwK1Zwz/Y2ZYh6iU=,kkzK9e2X9fX3JeUu72KIKgs4dWo=
-35,-28,HPR3lLhVM7AQwK1Zwz/Y2ZYh6iU=,kkzK9e2X9fX3JeUu72KIKgs4dWo=
-40,-27,HPR3lLhVM7AQwK1Zwz/Y2ZYh6iU=,kkzK9e2X9fX3JeUu72KIKgs4dWo=
-36,-28,HPR3lLhVM7AQwK1Zwz/Y2ZYh6iU=,kkzK9e2X9fX3JeUu72KIKgs4dWo=
-40,-22,HPR3lLhVM7AQwK1Zwz/Y2ZYh6iU=,YYTvaOS1HHurFbsYMjRID2pLXXQ=
-37,-28,HPR3lLhVM7AQwK1Zwz/Y2ZYh6iU=,kkzK9e2X9fX3JeUu72KIKgs4dWo=
-38,-28,HPR3lLhVM7AQwK1Zwz/Y2ZYh6iU=,kkzK9e2X9fX3JeUu72KIKgs4dWo=
-39,-28,HPR3lLhVM7AQwK1Zwz/Y2ZYh6iU=,kkzK9e2X9fX3JeUu72KIKgs4dWo=
-34,-29,HPR3lLhVM7AQwK1Zwz/Y2ZYh6iU=,kkzK9e2X9fX3JeUu72KIKgs4dWo=
-39,-31,HPR3lLhVM7AQwK1Zwz/Y2ZYh6iU=,kkzK9e2X9fX3JeUu72KIKgs4dWo=
-35,-29,HPR3lLhVM7AQwK1Zwz/Y2ZYh6iU=,kkzK9e2X9fX3JeUu72KIKgs4dWo=
-36,-29,HPR3lLhVM7AQwK1Zwz/Y2ZYh6iU=,kkzK9e2X9fX3JeUu72KIKgs4dWo=
-40,-28,HPR3lLhVM7AQwK1Zwz/Y2ZYh6iU=,kkzK9e2X9fX3JeUu72KIKgs4dWo=
-38,-29,HPR3lLhVM7AQwK1Zwz/Y2ZYh6iU=,kkzK9e2X9fX3JeUu72KIKgs4dWo=
-37,-29,HPR3lLhVM7AQwK1Zwz/Y2ZYh6iU=,kkzK9e2X9fX3JeUu72KIKgs4dWo=
-39,-29,HPR3lLhVM7AQwK1Zwz/Y2ZYh6iU=,kkzK9e2X9fX3JeUu72KIKgs4dWo=
-34,-30,HPR3lLhVM7AQwK1Zwz/Y2ZYh6iU=,kkzK9e2X9fX3JeUu72KIKgs4dWo=
-35,-30,HPR3lLhVM7AQwK1Zwz/Y2ZYh6iU=,kkzK9e2X9fX3JeUu72KIKgs4dWo=
-36,-30,HPR3lLhVM7AQwK1Zwz/Y2ZYh6iU=,kkzK9e2X9fX3JeUu72KIKgs4dWo=
-40,-29,HPR3lLhVM7AQwK1Zwz/Y2ZYh6iU=,kkzK9e2X9fX3JeUu72KIKgs4dWo=
-37,-30,HPR3lLhVM7AQwK1Zwz/Y2ZYh6iU=,kkzK9e2X9fX3JeUu72KIKgs4dWo=
-38,-30,HPR3lLhVM7AQwK1Zwz/Y2ZYh6iU=,kkzK9e2X9fX3JeUu72KIKgs4dWo=
-38,-31,HPR3lLhVM7AQwK1Zwz/Y2ZYh6iU=,kkzK9e2X9fX3JeUu72KIKgs4dWo=
-34,-24,HPR3lLhVM7AQwK1Zwz/Y2ZYh6iU=,YYTvaOS1HHurFbsYMjRID2pLXXQ=
-39,-30,HPR3lLhVM7AQwK1Zwz/Y2ZYh6iU=,kkzK9e2X9fX3JeUu72KIKgs4dWo=
-35,-24,HPR3lLhVM7AQwK1Zwz/Y2ZYh6iU=,YYTvaOS1HHurFbsYMjRID2pLXXQ=
-41,-29,HPR3lLhVM7AQwK1Zwz/Y2ZYh6iU=,kkzK9e2X9fX3JeUu72KIKgs4dWo=
-34,-31,HPR3lLhVM7AQwK1Zwz/Y2ZYh6iU=,kkzK9e2X9fX3JeUu72KIKgs4dWo=
-44,-22,HPR3lLhVM7AQwK1Zwz/Y2ZYh6iU=,lL11mgerG9yZyC+M4KBgLGPmpWE=
-36,-31,HPR3lLhVM7AQwK1Zwz/Y2ZYh6iU=,kkzK9e2X9fX3JeUu72KIKgs4dWo=
-41,-30,HPR3lLhVM7AQwK1Zwz/Y2ZYh6iU=,kkzK9e2X9fX3JeUu72KIKgs4dWo=
-37,-31,HPR3lLhVM7AQwK1Zwz/Y2ZYh6iU=,kkzK9e2X9fX3JeUu72KIKgs4dWo=
-35,-31,HPR3lLhVM7AQwK1Zwz/Y2ZYh6iU=,kkzK9e2X9fX3JeUu72KIKgs4dWo=
-41,-31,HPR3lLhVM7AQwK1Zwz/Y2ZYh6iU=,kkzK9e2X9fX3JeUu72KIKgs4dWo=
-46,-22,HPR3lLhVM7AQwK1Zwz/Y2ZYh6iU=,lL11mgerG9yZyC+M4KBgLGPmpWE=
-43,-25,HPR3lLhVM7AQwK1Zwz/Y2ZYh6iU=,kkzK9e2X9fX3JeUu72KIKgs4dWo=
-40,-30,HPR3lLhVM7AQwK1Zwz/Y2ZYh6iU=,kkzK9e2X9fX3JeUu72KIKgs4dWo=
-42,-17,HPR3lLhVM7AQwK1Zwz/Y2ZYh6iU=,lL11mgerG9yZyC+M4KBgLGPmpWE=
-43,-17,HPR3lLhVM7AQwK1Zwz/Y2ZYh6iU=,lL11mgerG9yZyC+M4KBgLGPmpWE=
-44,-17,HPR3lLhVM7AQwK1Zwz/Y2ZYh6iU=,lL11mgerG9yZyC+M4KBgLGPmpWE=
-47,-17,HPR3lLhVM7AQwK1Zwz/Y2ZYh6iU=,lL11mgerG9yZyC+M4KBgLGPmpWE=
-45,-17,HPR3lLhVM7AQwK1Zwz/Y2ZYh6iU=,lL11mgerG9yZyC+M4KBgLGPmpWE=
-48,-20,HPR3lLhVM7AQwK1Zwz/Y2ZYh6iU=,lL11mgerG9yZyC+M4KBgLGPmpWE=
-48,-21,HPR3lLhVM7AQwK1Zwz/Y2ZYh6iU=,lL11mgerG9yZyC+M4KBgLGPmpWE=
-48,-22,HPR3lLhVM7AQwK1Zwz/Y2ZYh6iU=,lL11mgerG9yZyC+M4KBgLGPmpWE=
-48,-23,HPR3lLhVM7AQwK1Zwz/Y2ZYh6iU=,lL11mgerG9yZyC+M4KBgLGPmpWE=
-48,-19,HPR3lLhVM7AQwK1Zwz/Y2ZYh6iU=,lL11mgerG9yZyC+M4KBgLGPmpWE=
-48,-18,HPR3lLhVM7AQwK1Zwz/Y2ZYh6iU=,lL11mgerG9yZyC+M4KBgLGPmpWE=
-46,-17,HPR3lLhVM7AQwK1Zwz/Y2ZYh6iU=,lL11mgerG9yZyC+M4KBgLGPmpWE=
-48,-26,HPR3lLhVM7AQwK1Zwz/Y2ZYh6iU=,kkzK9e2X9fX3JeUu72KIKgs4dWo=
-48,-27,HPR3lLhVM7AQwK1Zwz/Y2ZYh6iU=,kkzK9e2X9fX3JeUu72KIKgs4dWo=
-36,-17,HPR3lLhVM7AQwK1Zwz/Y2ZYh6iU=,YYTvaOS1HHurFbsYMjRID2pLXXQ=
-38,-17,HPR3lLhVM7AQwK1Zwz/Y2ZYh6iU=,YYTvaOS1HHurFbsYMjRID2pLXXQ=
-39,-17,HPR3lLhVM7AQwK1Zwz/Y2ZYh6iU=,YYTvaOS1HHurFbsYMjRID2pLXXQ=
-41,-17,HPR3lLhVM7AQwK1Zwz/Y2ZYh6iU=,lL11mgerG9yZyC+M4KBgLGPmpWE=
-35,-17,HPR3lLhVM7AQwK1Zwz/Y2ZYh6iU=,YYTvaOS1HHurFbsYMjRID2pLXXQ=
-40,-17,HPR3lLhVM7AQwK1Zwz/Y2ZYh6iU=,YYTvaOS1HHurFbsYMjRID2pLXXQ=
-48,-28,HPR3lLhVM7AQwK1Zwz/Y2ZYh6iU=,kkzK9e2X9fX3JeUu72KIKgs4dWo=
-34,-17,HPR3lLhVM7AQwK1Zwz/Y2ZYh6iU=,YYTvaOS1HHurFbsYMjRID2pLXXQ=
-37,-17,HPR3lLhVM7AQwK1Zwz/Y2ZYh6iU=,YYTvaOS1HHurFbsYMjRID2pLXXQ=
-48,-24,HPR3lLhVM7AQwK1Zwz/Y2ZYh6iU=,lL11mgerG9yZyC+M4KBgLGPmpWE=
-48,-25,HPR3lLhVM7AQwK1Zwz/Y2ZYh6iU=,kkzK9e2X9fX3JeUu72KIKgs4dWo=
-48,-29,HPR3lLhVM7AQwK1Zwz/Y2ZYh6iU=,kkzK9e2X9fX3JeUu72KIKgs4dWo=
-48,-30,HPR3lLhVM7AQwK1Zwz/Y2ZYh6iU=,kkzK9e2X9fX3JeUu72KIKgs4dWo=
-48,-31,HPR3lLhVM7AQwK1Zwz/Y2ZYh6iU=,kkzK9e2X9fX3JeUu72KIKgs4dWo=
-33,-23,HPR3lLhVM7AQwK1Zwz/Y2ZYh6iU=,YYTvaOS1HHurFbsYMjRID2pLXXQ=
-33,-18,HPR3lLhVM7AQwK1Zwz/Y2ZYh6iU=,YYTvaOS1HHurFbsYMjRID2pLXXQ=
-33,-22,HPR3lLhVM7AQwK1Zwz/Y2ZYh6iU=,YYTvaOS1HHurFbsYMjRID2pLXXQ=
-33,-25,HPR3lLhVM7AQwK1Zwz/Y2ZYh6iU=,kkzK9e2X9fX3JeUu72KIKgs4dWo=
-33,-26,HPR3lLhVM7AQwK1Zwz/Y2ZYh6iU=,kkzK9e2X9fX3JeUu72KIKgs4dWo=
-33,-21,HPR3lLhVM7AQwK1Zwz/Y2ZYh6iU=,YYTvaOS1HHurFbsYMjRID2pLXXQ=
-33,-28,HPR3lLhVM7AQwK1Zwz/Y2ZYh6iU=,kkzK9e2X9fX3JeUu72KIKgs4dWo=
-33,-19,HPR3lLhVM7AQwK1Zwz/Y2ZYh6iU=,YYTvaOS1HHurFbsYMjRID2pLXXQ=
-33,-30,HPR3lLhVM7AQwK1Zwz/Y2ZYh6iU=,kkzK9e2X9fX3JeUu72KIKgs4dWo=
-33,-29,HPR3lLhVM7AQwK1Zwz/Y2ZYh6iU=,kkzK9e2X9fX3JeUu72KIKgs4dWo=
-33,-24,HPR3lLhVM7AQwK1Zwz/Y2ZYh6iU=,YYTvaOS1HHurFbsYMjRID2pLXXQ=
-33,-31,HPR3lLhVM7AQwK1Zwz/Y2ZYh6iU=,kkzK9e2X9fX3JeUu72KIKgs4dWo=
-39,-32,HPR3lLhVM7AQwK1Zwz/Y2ZYh6iU=,kkzK9e2X9fX3JeUu72KIKgs4dWo=
-40,-32,HPR3lLhVM7AQwK1Zwz/Y2ZYh6iU=,kkzK9e2X9fX3JeUu72KIKgs4dWo=
-33,-20,HPR3lLhVM7AQwK1Zwz/Y2ZYh6iU=,YYTvaOS1HHurFbsYMjRID2pLXXQ=
-42,-32,HPR3lLhVM7AQwK1Zwz/Y2ZYh6iU=,kkzK9e2X9fX3JeUu72KIKgs4dWo=
-41,-32,HPR3lLhVM7AQwK1Zwz/Y2ZYh6iU=,kkzK9e2X9fX3JeUu72KIKgs4dWo=
-38,-32,HPR3lLhVM7AQwK1Zwz/Y2ZYh6iU=,kkzK9e2X9fX3JeUu72KIKgs4dWo=
-44,-32,HPR3lLhVM7AQwK1Zwz/Y2ZYh6iU=,kkzK9e2X9fX3JeUu72KIKgs4dWo=
-45,-32,HPR3lLhVM7AQwK1Zwz/Y2ZYh6iU=,kkzK9e2X9fX3JeUu72KIKgs4dWo=
-35,-32,HPR3lLhVM7AQwK1Zwz/Y2ZYh6iU=,kkzK9e2X9fX3JeUu72KIKgs4dWo=
-34,-32,HPR3lLhVM7AQwK1Zwz/Y2ZYh6iU=,kkzK9e2X9fX3JeUu72KIKgs4dWo=
-43,-32,HPR3lLhVM7AQwK1Zwz/Y2ZYh6iU=,kkzK9e2X9fX3JeUu72KIKgs4dWo=
-36,-32,HPR3lLhVM7AQwK1Zwz/Y2ZYh6iU=,kkzK9e2X9fX3JeUu72KIKgs4dWo=
-33,-27,HPR3lLhVM7AQwK1Zwz/Y2ZYh6iU=,kkzK9e2X9fX3JeUu72KIKgs4dWo=
-46,-32,HPR3lLhVM7AQwK1Zwz/Y2ZYh6iU=,kkzK9e2X9fX3JeUu72KIKgs4dWo=
-37,-32,HPR3lLhVM7AQwK1Zwz/Y2ZYh6iU=,kkzK9e2X9fX3JeUu72KIKgs4dWo=
-47,-32,HPR3lLhVM7AQwK1Zwz/Y2ZYh6iU=,kkzK9e2X9fX3JeUu72KIKgs4dWo=
-33,-17,HPR3lLhVM7AQwK1Zwz/Y2ZYh6iU=,YYTvaOS1HHurFbsYMjRID2pLXXQ=
-33,-32,HPR3lLhVM7AQwK1Zwz/Y2ZYh6iU=,kkzK9e2X9fX3JeUu72KIKgs4dWo=
-48,-17,HPR3lLhVM7AQwK1Zwz/Y2ZYh6iU=,lL11mgerG9yZyC+M4KBgLGPmpWE=
-48,-32,HPR3lLhVM7AQwK1Zwz/Y2ZYh6iU=,kkzK9e2X9fX3JeUu72KIKgs4dWo=
-55,-31,JKSSA99VwEXvHm0JW0H4eKGfX6A=,kreZjwcaMzvZS+adZ6dGEHd4fNs=
-54,-31,JKSSA99VwEXvHm0JW0H4eKGfX6A=,kreZjwcaMzvZS+adZ6dGEHd4fNs=
-51,-26,JKSSA99VwEXvHm0JW0H4eKGfX6A=,kreZjwcaMzvZS+adZ6dGEHd4fNs=
-50,-26,JKSSA99VwEXvHm0JW0H4eKGfX6A=,kreZjwcaMzvZS+adZ6dGEHd4fNs=
-52,-26,JKSSA99VwEXvHm0JW0H4eKGfX6A=,kreZjwcaMzvZS+adZ6dGEHd4fNs=
-50,-19,JKSSA99VwEXvHm0JW0H4eKGfX6A=,o4jE1q9JU4MqwwlnaAFAjUUBbPY=
-53,-26,JKSSA99VwEXvHm0JW0H4eKGfX6A=,kreZjwcaMzvZS+adZ6dGEHd4fNs=
-54,-26,JKSSA99VwEXvHm0JW0H4eKGfX6A=,kreZjwcaMzvZS+adZ6dGEHd4fNs=
-52,-25,JKSSA99VwEXvHm0JW0H4eKGfX6A=,kreZjwcaMzvZS+adZ6dGEHd4fNs=
-55,-26,JKSSA99VwEXvHm0JW0H4eKGfX6A=,kreZjwcaMzvZS+adZ6dGEHd4fNs=
-51,-25,JKSSA99VwEXvHm0JW0H4eKGfX6A=,kreZjwcaMzvZS+adZ6dGEHd4fNs=
-51,-18,JKSSA99VwEXvHm0JW0H4eKGfX6A=,o4jE1q9JU4MqwwlnaAFAjUUBbPY=
-52,-18,JKSSA99VwEXvHm0JW0H4eKGfX6A=,o4jE1q9JU4MqwwlnaAFAjUUBbPY=
-51,-19,JKSSA99VwEXvHm0JW0H4eKGfX6A=,o4jE1q9JU4MqwwlnaAFAjUUBbPY=
-50,-25,JKSSA99VwEXvHm0JW0H4eKGfX6A=,kreZjwcaMzvZS+adZ6dGEHd4fNs=
-50,-27,JKSSA99VwEXvHm0JW0H4eKGfX6A=,kreZjwcaMzvZS+adZ6dGEHd4fNs=
-54,-21,JKSSA99VwEXvHm0JW0H4eKGfX6A=,o4jE1q9JU4MqwwlnaAFAjUUBbPY=
-53,-25,JKSSA99VwEXvHm0JW0H4eKGfX6A=,kreZjwcaMzvZS+adZ6dGEHd4fNs=
-52,-19,JKSSA99VwEXvHm0JW0H4eKGfX6A=,o4jE1q9JU4MqwwlnaAFAjUUBbPY=
-53,-18,JKSSA99VwEXvHm0JW0H4eKGfX6A=,o4jE1q9JU4MqwwlnaAFAjUUBbPY=
-50,-18,JKSSA99VwEXvHm0JW0H4eKGfX6A=,o4jE1q9JU4MqwwlnaAFAjUUBbPY=
-52,-27,JKSSA99VwEXvHm0JW0H4eKGfX6A=,kreZjwcaMzvZS+adZ6dGEHd4fNs=
-54,-25,JKSSA99VwEXvHm0JW0H4eKGfX6A=,kreZjwcaMzvZS+adZ6dGEHd4fNs=
-53,-24,JKSSA99VwEXvHm0JW0H4eKGfX6A=,o4jE1q9JU4MqwwlnaAFAjUUBbPY=
-55,-25,JKSSA99VwEXvHm0JW0H4eKGfX6A=,kreZjwcaMzvZS+adZ6dGEHd4fNs=
-50,-21,JKSSA99VwEXvHm0JW0H4eKGfX6A=,o4jE1q9JU4MqwwlnaAFAjUUBbPY=
-50,-28,JKSSA99VwEXvHm0JW0H4eKGfX6A=,kreZjwcaMzvZS+adZ6dGEHd4fNs=
-53,-27,JKSSA99VwEXvHm0JW0H4eKGfX6A=,kreZjwcaMzvZS+adZ6dGEHd4fNs=
-54,-27,JKSSA99VwEXvHm0JW0H4eKGfX6A=,kreZjwcaMzvZS+adZ6dGEHd4fNs=
-55,-22,JKSSA99VwEXvHm0JW0H4eKGfX6A=,o4jE1q9JU4MqwwlnaAFAjUUBbPY=
-51,-27,JKSSA99VwEXvHm0JW0H4eKGfX6A=,kreZjwcaMzvZS+adZ6dGEHd4fNs=
-55,-27,JKSSA99VwEXvHm0JW0H4eKGfX6A=,kreZjwcaMzvZS+adZ6dGEHd4fNs=
-51,-28,JKSSA99VwEXvHm0JW0H4eKGfX6A=,kreZjwcaMzvZS+adZ6dGEHd4fNs=
-50,-20,JKSSA99VwEXvHm0JW0H4eKGfX6A=,o4jE1q9JU4MqwwlnaAFAjUUBbPY=
-53,-28,JKSSA99VwEXvHm0JW0H4eKGfX6A=,kreZjwcaMzvZS+adZ6dGEHd4fNs=
-52,-28,JKSSA99VwEXvHm0JW0H4eKGfX6A=,kreZjwcaMzvZS+adZ6dGEHd4fNs=
-54,-22,JKSSA99VwEXvHm0JW0H4eKGfX6A=,o4jE1q9JU4MqwwlnaAFAjUUBbPY=
-54,-28,JKSSA99VwEXvHm0JW0H4eKGfX6A=,kreZjwcaMzvZS+adZ6dGEHd4fNs=
-55,-21,JKSSA99VwEXvHm0JW0H4eKGfX6A=,o4jE1q9JU4MqwwlnaAFAjUUBbPY=
-51,-29,JKSSA99VwEXvHm0JW0H4eKGfX6A=,kreZjwcaMzvZS+adZ6dGEHd4fNs=
-50,-29,JKSSA99VwEXvHm0JW0H4eKGfX6A=,kreZjwcaMzvZS+adZ6dGEHd4fNs=
-52,-29,JKSSA99VwEXvHm0JW0H4eKGfX6A=,kreZjwcaMzvZS+adZ6dGEHd4fNs=
-53,-29,JKSSA99VwEXvHm0JW0H4eKGfX6A=,kreZjwcaMzvZS+adZ6dGEHd4fNs=
-54,-29,JKSSA99VwEXvHm0JW0H4eKGfX6A=,kreZjwcaMzvZS+adZ6dGEHd4fNs=
-50,-30,JKSSA99VwEXvHm0JW0H4eKGfX6A=,kreZjwcaMzvZS+adZ6dGEHd4fNs=
-55,-29,JKSSA99VwEXvHm0JW0H4eKGfX6A=,kreZjwcaMzvZS+adZ6dGEHd4fNs=
-52,-24,JKSSA99VwEXvHm0JW0H4eKGfX6A=,o4jE1q9JU4MqwwlnaAFAjUUBbPY=
-55,-20,JKSSA99VwEXvHm0JW0H4eKGfX6A=,o4jE1q9JU4MqwwlnaAFAjUUBbPY=
-51,-30,JKSSA99VwEXvHm0JW0H4eKGfX6A=,kreZjwcaMzvZS+adZ6dGEHd4fNs=
-52,-30,JKSSA99VwEXvHm0JW0H4eKGfX6A=,kreZjwcaMzvZS+adZ6dGEHd4fNs=
-54,-30,JKSSA99VwEXvHm0JW0H4eKGfX6A=,kreZjwcaMzvZS+adZ6dGEHd4fNs=
-55,-30,JKSSA99VwEXvHm0JW0H4eKGfX6A=,kreZjwcaMzvZS+adZ6dGEHd4fNs=
-53,-30,JKSSA99VwEXvHm0JW0H4eKGfX6A=,kreZjwcaMzvZS+adZ6dGEHd4fNs=
-50,-31,JKSSA99VwEXvHm0JW0H4eKGfX6A=,kreZjwcaMzvZS+adZ6dGEHd4fNs=
-51,-31,JKSSA99VwEXvHm0JW0H4eKGfX6A=,kreZjwcaMzvZS+adZ6dGEHd4fNs=
-51,-24,JKSSA99VwEXvHm0JW0H4eKGfX6A=,o4jE1q9JU4MqwwlnaAFAjUUBbPY=
-51,-20,JKSSA99VwEXvHm0JW0H4eKGfX6A=,o4jE1q9JU4MqwwlnaAFAjUUBbPY=
-51,-21,JKSSA99VwEXvHm0JW0H4eKGfX6A=,o4jE1q9JU4MqwwlnaAFAjUUBbPY=
-52,-31,JKSSA99VwEXvHm0JW0H4eKGfX6A=,kreZjwcaMzvZS+adZ6dGEHd4fNs=
-50,-24,JKSSA99VwEXvHm0JW0H4eKGfX6A=,o4jE1q9JU4MqwwlnaAFAjUUBbPY=
-53,-19,JKSSA99VwEXvHm0JW0H4eKGfX6A=,o4jE1q9JU4MqwwlnaAFAjUUBbPY=
-52,-21,JKSSA99VwEXvHm0JW0H4eKGfX6A=,o4jE1q9JU4MqwwlnaAFAjUUBbPY=
-50,-22,JKSSA99VwEXvHm0JW0H4eKGfX6A=,o4jE1q9JU4MqwwlnaAFAjUUBbPY=
-52,-20,JKSSA99VwEXvHm0JW0H4eKGfX6A=,o4jE1q9JU4MqwwlnaAFAjUUBbPY=
-54,-18,JKSSA99VwEXvHm0JW0H4eKGfX6A=,o4jE1q9JU4MqwwlnaAFAjUUBbPY=
-55,-18,JKSSA99VwEXvHm0JW0H4eKGfX6A=,o4jE1q9JU4MqwwlnaAFAjUUBbPY=
-53,-20,JKSSA99VwEXvHm0JW0H4eKGfX6A=,o4jE1q9JU4MqwwlnaAFAjUUBbPY=
-55,-24,JKSSA99VwEXvHm0JW0H4eKGfX6A=,o4jE1q9JU4MqwwlnaAFAjUUBbPY=
-53,-21,JKSSA99VwEXvHm0JW0H4eKGfX6A=,o4jE1q9JU4MqwwlnaAFAjUUBbPY=
-52,-22,JKSSA99VwEXvHm0JW0H4eKGfX6A=,o4jE1q9JU4MqwwlnaAFAjUUBbPY=
-51,-22,JKSSA99VwEXvHm0JW0H4eKGfX6A=,o4jE1q9JU4MqwwlnaAFAjUUBbPY=
-54,-20,JKSSA99VwEXvHm0JW0H4eKGfX6A=,o4jE1q9JU4MqwwlnaAFAjUUBbPY=
-54,-19,JKSSA99VwEXvHm0JW0H4eKGfX6A=,o4jE1q9JU4MqwwlnaAFAjUUBbPY=
-53,-22,JKSSA99VwEXvHm0JW0H4eKGfX6A=,o4jE1q9JU4MqwwlnaAFAjUUBbPY=
-53,-23,JKSSA99VwEXvHm0JW0H4eKGfX6A=,o4jE1q9JU4MqwwlnaAFAjUUBbPY=
-54,-23,JKSSA99VwEXvHm0JW0H4eKGfX6A=,o4jE1q9JU4MqwwlnaAFAjUUBbPY=
-55,-19,JKSSA99VwEXvHm0JW0H4eKGfX6A=,o4jE1q9JU4MqwwlnaAFAjUUBbPY=
-54,-24,JKSSA99VwEXvHm0JW0H4eKGfX6A=,o4jE1q9JU4MqwwlnaAFAjUUBbPY=
-52,-23,JKSSA99VwEXvHm0JW0H4eKGfX6A=,o4jE1q9JU4MqwwlnaAFAjUUBbPY=
-50,-23,JKSSA99VwEXvHm0JW0H4eKGfX6A=,o4jE1q9JU4MqwwlnaAFAjUUBbPY=
-55,-23,JKSSA99VwEXvHm0JW0H4eKGfX6A=,o4jE1q9JU4MqwwlnaAFAjUUBbPY=
-53,-31,JKSSA99VwEXvHm0JW0H4eKGfX6A=,kreZjwcaMzvZS+adZ6dGEHd4fNs=
-51,-23,JKSSA99VwEXvHm0JW0H4eKGfX6A=,o4jE1q9JU4MqwwlnaAFAjUUBbPY=
-55,-28,JKSSA99VwEXvHm0JW0H4eKGfX6A=,kreZjwcaMzvZS+adZ6dGEHd4fNs=
-60,-27,JKSSA99VwEXvHm0JW0H4eKGfX6A=,ZMoqd0wpL/E83o/qRSQNTTmbu+8=
-61,-27,JKSSA99VwEXvHm0JW0H4eKGfX6A=,ZMoqd0wpL/E83o/qRSQNTTmbu+8=
-62,-27,JKSSA99VwEXvHm0JW0H4eKGfX6A=,ZMoqd0wpL/E83o/qRSQNTTmbu+8=
-63,-27,JKSSA99VwEXvHm0JW0H4eKGfX6A=,ZMoqd0wpL/E83o/qRSQNTTmbu+8=
-56,-26,JKSSA99VwEXvHm0JW0H4eKGfX6A=,kreZjwcaMzvZS+adZ6dGEHd4fNs=
-57,-28,JKSSA99VwEXvHm0JW0H4eKGfX6A=,ZMoqd0wpL/E83o/qRSQNTTmbu+8=
-60,-28,JKSSA99VwEXvHm0JW0H4eKGfX6A=,ZMoqd0wpL/E83o/qRSQNTTmbu+8=
-59,-27,JKSSA99VwEXvHm0JW0H4eKGfX6A=,ZMoqd0wpL/E83o/qRSQNTTmbu+8=
-59,-28,JKSSA99VwEXvHm0JW0H4eKGfX6A=,ZMoqd0wpL/E83o/qRSQNTTmbu+8=
-61,-28,JKSSA99VwEXvHm0JW0H4eKGfX6A=,ZMoqd0wpL/E83o/qRSQNTTmbu+8=
-58,-28,JKSSA99VwEXvHm0JW0H4eKGfX6A=,ZMoqd0wpL/E83o/qRSQNTTmbu+8=
-62,-28,JKSSA99VwEXvHm0JW0H4eKGfX6A=,ZMoqd0wpL/E83o/qRSQNTTmbu+8=
-63,-28,JKSSA99VwEXvHm0JW0H4eKGfX6A=,ZMoqd0wpL/E83o/qRSQNTTmbu+8=
-57,-29,JKSSA99VwEXvHm0JW0H4eKGfX6A=,ZMoqd0wpL/E83o/qRSQNTTmbu+8=
-58,-27,JKSSA99VwEXvHm0JW0H4eKGfX6A=,ZMoqd0wpL/E83o/qRSQNTTmbu+8=
-56,-27,JKSSA99VwEXvHm0JW0H4eKGfX6A=,kreZjwcaMzvZS+adZ6dGEHd4fNs=
-62,-29,JKSSA99VwEXvHm0JW0H4eKGfX6A=,ZMoqd0wpL/E83o/qRSQNTTmbu+8=
-60,-29,JKSSA99VwEXvHm0JW0H4eKGfX6A=,ZMoqd0wpL/E83o/qRSQNTTmbu+8=
-61,-29,JKSSA99VwEXvHm0JW0H4eKGfX6A=,ZMoqd0wpL/E83o/qRSQNTTmbu+8=
-58,-29,JKSSA99VwEXvHm0JW0H4eKGfX6A=,ZMoqd0wpL/E83o/qRSQNTTmbu+8=
-59,-29,JKSSA99VwEXvHm0JW0H4eKGfX6A=,ZMoqd0wpL/E83o/qRSQNTTmbu+8=
-63,-29,JKSSA99VwEXvHm0JW0H4eKGfX6A=,ZMoqd0wpL/E83o/qRSQNTTmbu+8=
-57,-30,JKSSA99VwEXvHm0JW0H4eKGfX6A=,ZMoqd0wpL/E83o/qRSQNTTmbu+8=
-57,-27,JKSSA99VwEXvHm0JW0H4eKGfX6A=,ZMoqd0wpL/E83o/qRSQNTTmbu+8=
-58,-30,JKSSA99VwEXvHm0JW0H4eKGfX6A=,ZMoqd0wpL/E83o/qRSQNTTmbu+8=
-59,-30,JKSSA99VwEXvHm0JW0H4eKGfX6A=,ZMoqd0wpL/E83o/qRSQNTTmbu+8=
-56,-28,JKSSA99VwEXvHm0JW0H4eKGfX6A=,kreZjwcaMzvZS+adZ6dGEHd4fNs=
-60,-30,JKSSA99VwEXvHm0JW0H4eKGfX6A=,ZMoqd0wpL/E83o/qRSQNTTmbu+8=
-62,-30,JKSSA99VwEXvHm0JW0H4eKGfX6A=,ZMoqd0wpL/E83o/qRSQNTTmbu+8=
-61,-30,JKSSA99VwEXvHm0JW0H4eKGfX6A=,ZMoqd0wpL/E83o/qRSQNTTmbu+8=
-56,-29,JKSSA99VwEXvHm0JW0H4eKGfX6A=,kreZjwcaMzvZS+adZ6dGEHd4fNs=
-63,-30,JKSSA99VwEXvHm0JW0H4eKGfX6A=,ZMoqd0wpL/E83o/qRSQNTTmbu+8=
-58,-31,JKSSA99VwEXvHm0JW0H4eKGfX6A=,ZMoqd0wpL/E83o/qRSQNTTmbu+8=
-59,-31,JKSSA99VwEXvHm0JW0H4eKGfX6A=,ZMoqd0wpL/E83o/qRSQNTTmbu+8=
-57,-31,JKSSA99VwEXvHm0JW0H4eKGfX6A=,ZMoqd0wpL/E83o/qRSQNTTmbu+8=
-60,-31,JKSSA99VwEXvHm0JW0H4eKGfX6A=,ZMoqd0wpL/E83o/qRSQNTTmbu+8=
-61,-31,JKSSA99VwEXvHm0JW0H4eKGfX6A=,ZMoqd0wpL/E83o/qRSQNTTmbu+8=
-56,-30,JKSSA99VwEXvHm0JW0H4eKGfX6A=,kreZjwcaMzvZS+adZ6dGEHd4fNs=
-63,-31,JKSSA99VwEXvHm0JW0H4eKGfX6A=,ZMoqd0wpL/E83o/qRSQNTTmbu+8=
-60,-26,JKSSA99VwEXvHm0JW0H4eKGfX6A=,ZMoqd0wpL/E83o/qRSQNTTmbu+8=
-56,-31,JKSSA99VwEXvHm0JW0H4eKGfX6A=,kreZjwcaMzvZS+adZ6dGEHd4fNs=
-62,-31,JKSSA99VwEXvHm0JW0H4eKGfX6A=,ZMoqd0wpL/E83o/qRSQNTTmbu+8=
-59,-26,JKSSA99VwEXvHm0JW0H4eKGfX6A=,ZMoqd0wpL/E83o/qRSQNTTmbu+8=
-61,-26,JKSSA99VwEXvHm0JW0H4eKGfX6A=,ZMoqd0wpL/E83o/qRSQNTTmbu+8=
-57,-26,JKSSA99VwEXvHm0JW0H4eKGfX6A=,ZMoqd0wpL/E83o/qRSQNTTmbu+8=
-58,-26,JKSSA99VwEXvHm0JW0H4eKGfX6A=,ZMoqd0wpL/E83o/qRSQNTTmbu+8=
-63,-26,JKSSA99VwEXvHm0JW0H4eKGfX6A=,ZMoqd0wpL/E83o/qRSQNTTmbu+8=
-62,-26,JKSSA99VwEXvHm0JW0H4eKGfX6A=,ZMoqd0wpL/E83o/qRSQNTTmbu+8=
-60,-21,JKSSA99VwEXvHm0JW0H4eKGfX6A=,xtDmas7/2B04Px+gI+UKJmT35HU=
-61,-21,JKSSA99VwEXvHm0JW0H4eKGfX6A=,xtDmas7/2B04Px+gI+UKJmT35HU=
-63,-21,JKSSA99VwEXvHm0JW0H4eKGfX6A=,xtDmas7/2B04Px+gI+UKJmT35HU=
-62,-21,JKSSA99VwEXvHm0JW0H4eKGfX6A=,xtDmas7/2B04Px+gI+UKJmT35HU=
-57,-22,JKSSA99VwEXvHm0JW0H4eKGfX6A=,xtDmas7/2B04Px+gI+UKJmT35HU=
-59,-22,JKSSA99VwEXvHm0JW0H4eKGfX6A=,xtDmas7/2B04Px+gI+UKJmT35HU=
-60,-22,JKSSA99VwEXvHm0JW0H4eKGfX6A=,xtDmas7/2B04Px+gI+UKJmT35HU=
-56,-18,JKSSA99VwEXvHm0JW0H4eKGfX6A=,o4jE1q9JU4MqwwlnaAFAjUUBbPY=
-61,-22,JKSSA99VwEXvHm0JW0H4eKGfX6A=,xtDmas7/2B04Px+gI+UKJmT35HU=
-56,-25,JKSSA99VwEXvHm0JW0H4eKGfX6A=,kreZjwcaMzvZS+adZ6dGEHd4fNs=
-57,-18,JKSSA99VwEXvHm0JW0H4eKGfX6A=,xtDmas7/2B04Px+gI+UKJmT35HU=
-63,-22,JKSSA99VwEXvHm0JW0H4eKGfX6A=,xtDmas7/2B04Px+gI+UKJmT35HU=
-58,-18,JKSSA99VwEXvHm0JW0H4eKGfX6A=,xtDmas7/2B04Px+gI+UKJmT35HU=
-62,-22,JKSSA99VwEXvHm0JW0H4eKGfX6A=,xtDmas7/2B04Px+gI+UKJmT35HU=
-58,-22,JKSSA99VwEXvHm0JW0H4eKGfX6A=,xtDmas7/2B04Px+gI+UKJmT35HU=
-60,-18,JKSSA99VwEXvHm0JW0H4eKGfX6A=,xtDmas7/2B04Px+gI+UKJmT35HU=
-61,-18,JKSSA99VwEXvHm0JW0H4eKGfX6A=,xtDmas7/2B04Px+gI+UKJmT35HU=
-59,-23,JKSSA99VwEXvHm0JW0H4eKGfX6A=,xtDmas7/2B04Px+gI+UKJmT35HU=
-57,-23,JKSSA99VwEXvHm0JW0H4eKGfX6A=,xtDmas7/2B04Px+gI+UKJmT35HU=
-58,-23,JKSSA99VwEXvHm0JW0H4eKGfX6A=,xtDmas7/2B04Px+gI+UKJmT35HU=
-56,-24,JKSSA99VwEXvHm0JW0H4eKGfX6A=,o4jE1q9JU4MqwwlnaAFAjUUBbPY=
-57,-19,JKSSA99VwEXvHm0JW0H4eKGfX6A=,xtDmas7/2B04Px+gI+UKJmT35HU=
-59,-18,JKSSA99VwEXvHm0JW0H4eKGfX6A=,xtDmas7/2B04Px+gI+UKJmT35HU=
-63,-18,JKSSA99VwEXvHm0JW0H4eKGfX6A=,xtDmas7/2B04Px+gI+UKJmT35HU=
-62,-18,JKSSA99VwEXvHm0JW0H4eKGfX6A=,xtDmas7/2B04Px+gI+UKJmT35HU=
-61,-23,JKSSA99VwEXvHm0JW0H4eKGfX6A=,xtDmas7/2B04Px+gI+UKJmT35HU=
-61,-19,JKSSA99VwEXvHm0JW0H4eKGfX6A=,xtDmas7/2B04Px+gI+UKJmT35HU=
-60,-19,JKSSA99VwEXvHm0JW0H4eKGfX6A=,xtDmas7/2B04Px+gI+UKJmT35HU=
-59,-19,JKSSA99VwEXvHm0JW0H4eKGfX6A=,xtDmas7/2B04Px+gI+UKJmT35HU=
-58,-19,JKSSA99VwEXvHm0JW0H4eKGfX6A=,xtDmas7/2B04Px+gI+UKJmT35HU=
-59,-21,JKSSA99VwEXvHm0JW0H4eKGfX6A=,xtDmas7/2B04Px+gI+UKJmT35HU=
-63,-23,JKSSA99VwEXvHm0JW0H4eKGfX6A=,xtDmas7/2B04Px+gI+UKJmT35HU=
-60,-23,JKSSA99VwEXvHm0JW0H4eKGfX6A=,xtDmas7/2B04Px+gI+UKJmT35HU=
-56,-21,JKSSA99VwEXvHm0JW0H4eKGfX6A=,o4jE1q9JU4MqwwlnaAFAjUUBbPY=
-62,-23,JKSSA99VwEXvHm0JW0H4eKGfX6A=,xtDmas7/2B04Px+gI+UKJmT35HU=
-62,-19,JKSSA99VwEXvHm0JW0H4eKGfX6A=,xtDmas7/2B04Px+gI+UKJmT35HU=
-63,-19,JKSSA99VwEXvHm0JW0H4eKGfX6A=,xtDmas7/2B04Px+gI+UKJmT35HU=
-58,-20,JKSSA99VwEXvHm0JW0H4eKGfX6A=,xtDmas7/2B04Px+gI+UKJmT35HU=
-58,-21,JKSSA99VwEXvHm0JW0H4eKGfX6A=,xtDmas7/2B04Px+gI+UKJmT35HU=
-58,-24,JKSSA99VwEXvHm0JW0H4eKGfX6A=,xtDmas7/2B04Px+gI+UKJmT35HU=
-59,-20,JKSSA99VwEXvHm0JW0H4eKGfX6A=,xtDmas7/2B04Px+gI+UKJmT35HU=
-63,-24,JKSSA99VwEXvHm0JW0H4eKGfX6A=,xtDmas7/2B04Px+gI+UKJmT35HU=
-56,-20,JKSSA99VwEXvHm0JW0H4eKGfX6A=,o4jE1q9JU4MqwwlnaAFAjUUBbPY=
-60,-24,JKSSA99VwEXvHm0JW0H4eKGfX6A=,xtDmas7/2B04Px+gI+UKJmT35HU=
-57,-24,JKSSA99VwEXvHm0JW0H4eKGfX6A=,xtDmas7/2B04Px+gI+UKJmT35HU=
-61,-24,JKSSA99VwEXvHm0JW0H4eKGfX6A=,xtDmas7/2B04Px+gI+UKJmT35HU=
-62,-24,JKSSA99VwEXvHm0JW0H4eKGfX6A=,xtDmas7/2B04Px+gI+UKJmT35HU=
-59,-24,JKSSA99VwEXvHm0JW0H4eKGfX6A=,xtDmas7/2B04Px+gI+UKJmT35HU=
-57,-21,JKSSA99VwEXvHm0JW0H4eKGfX6A=,xtDmas7/2B04Px+gI+UKJmT35HU=
-60,-25,JKSSA99VwEXvHm0JW0H4eKGfX6A=,ZMoqd0wpL/E83o/qRSQNTTmbu+8=
-59,-25,JKSSA99VwEXvHm0JW0H4eKGfX6A=,ZMoqd0wpL/E83o/qRSQNTTmbu+8=
-57,-25,JKSSA99VwEXvHm0JW0H4eKGfX6A=,ZMoqd0wpL/E83o/qRSQNTTmbu+8=
-58,-25,JKSSA99VwEXvHm0JW0H4eKGfX6A=,ZMoqd0wpL/E83o/qRSQNTTmbu+8=
-61,-20,JKSSA99VwEXvHm0JW0H4eKGfX6A=,xtDmas7/2B04Px+gI+UKJmT35HU=
-60,-20,JKSSA99VwEXvHm0JW0H4eKGfX6A=,xtDmas7/2B04Px+gI+UKJmT35HU=
-62,-25,JKSSA99VwEXvHm0JW0H4eKGfX6A=,ZMoqd0wpL/E83o/qRSQNTTmbu+8=
-57,-20,JKSSA99VwEXvHm0JW0H4eKGfX6A=,xtDmas7/2B04Px+gI+UKJmT35HU=
-62,-20,JKSSA99VwEXvHm0JW0H4eKGfX6A=,xtDmas7/2B04Px+gI+UKJmT35HU=
-63,-25,JKSSA99VwEXvHm0JW0H4eKGfX6A=,ZMoqd0wpL/E83o/qRSQNTTmbu+8=
-56,-22,JKSSA99VwEXvHm0JW0H4eKGfX6A=,o4jE1q9JU4MqwwlnaAFAjUUBbPY=
-56,-23,JKSSA99VwEXvHm0JW0H4eKGfX6A=,o4jE1q9JU4MqwwlnaAFAjUUBbPY=
-56,-19,JKSSA99VwEXvHm0JW0H4eKGfX6A=,o4jE1q9JU4MqwwlnaAFAjUUBbPY=
-61,-25,JKSSA99VwEXvHm0JW0H4eKGfX6A=,ZMoqd0wpL/E83o/qRSQNTTmbu+8=
-63,-20,JKSSA99VwEXvHm0JW0H4eKGfX6A=,xtDmas7/2B04Px+gI+UKJmT35HU=
-63,-17,JKSSA99VwEXvHm0JW0H4eKGfX6A=,xtDmas7/2B04Px+gI+UKJmT35HU=
-52,-17,JKSSA99VwEXvHm0JW0H4eKGfX6A=,o4jE1q9JU4MqwwlnaAFAjUUBbPY=
-55,-17,JKSSA99VwEXvHm0JW0H4eKGfX6A=,o4jE1q9JU4MqwwlnaAFAjUUBbPY=
-53,-17,JKSSA99VwEXvHm0JW0H4eKGfX6A=,o4jE1q9JU4MqwwlnaAFAjUUBbPY=
-56,-17,JKSSA99VwEXvHm0JW0H4eKGfX6A=,o4jE1q9JU4MqwwlnaAFAjUUBbPY=
-57,-17,JKSSA99VwEXvHm0JW0H4eKGfX6A=,xtDmas7/2B04Px+gI+UKJmT35HU=
-50,-17,JKSSA99VwEXvHm0JW0H4eKGfX6A=,o4jE1q9JU4MqwwlnaAFAjUUBbPY=
-58,-17,JKSSA99VwEXvHm0JW0H4eKGfX6A=,xtDmas7/2B04Px+gI+UKJmT35HU=
-59,-17,JKSSA99VwEXvHm0JW0H4eKGfX6A=,xtDmas7/2B04Px+gI+UKJmT35HU=
-54,-17,JKSSA99VwEXvHm0JW0H4eKGfX6A=,o4jE1q9JU4MqwwlnaAFAjUUBbPY=
-51,-17,JKSSA99VwEXvHm0JW0H4eKGfX6A=,o4jE1q9JU4MqwwlnaAFAjUUBbPY=
-61,-17,JKSSA99VwEXvHm0JW0H4eKGfX6A=,xtDmas7/2B04Px+gI+UKJmT35HU=
-62,-17,JKSSA99VwEXvHm0JW0H4eKGfX6A=,xtDmas7/2B04Px+gI+UKJmT35HU=
-60,-17,JKSSA99VwEXvHm0JW0H4eKGfX6A=,xtDmas7/2B04Px+gI+UKJmT35HU=
-64,-20,JKSSA99VwEXvHm0JW0H4eKGfX6A=,xtDmas7/2B04Px+gI+UKJmT35HU=
-64,-21,JKSSA99VwEXvHm0JW0H4eKGfX6A=,xtDmas7/2B04Px+gI+UKJmT35HU=
-64,-19,JKSSA99VwEXvHm0JW0H4eKGfX6A=,xtDmas7/2B04Px+gI+UKJmT35HU=
-64,-22,JKSSA99VwEXvHm0JW0H4eKGfX6A=,xtDmas7/2B04Px+gI+UKJmT35HU=
-64,-18,JKSSA99VwEXvHm0JW0H4eKGfX6A=,xtDmas7/2B04Px+gI+UKJmT35HU=
-64,-23,JKSSA99VwEXvHm0JW0H4eKGfX6A=,xtDmas7/2B04Px+gI+UKJmT35HU=
-64,-24,JKSSA99VwEXvHm0JW0H4eKGfX6A=,xtDmas7/2B04Px+gI+UKJmT35HU=
-64,-25,JKSSA99VwEXvHm0JW0H4eKGfX6A=,ZMoqd0wpL/E83o/qRSQNTTmbu+8=
-64,-27,JKSSA99VwEXvHm0JW0H4eKGfX6A=,ZMoqd0wpL/E83o/qRSQNTTmbu+8=
-64,-26,JKSSA99VwEXvHm0JW0H4eKGfX6A=,ZMoqd0wpL/E83o/qRSQNTTmbu+8=
-64,-29,JKSSA99VwEXvHm0JW0H4eKGfX6A=,ZMoqd0wpL/E83o/qRSQNTTmbu+8=
-64,-30,JKSSA99VwEXvHm0JW0H4eKGfX6A=,ZMoqd0wpL/E83o/qRSQNTTmbu+8=
-64,-31,JKSSA99VwEXvHm0JW0H4eKGfX6A=,ZMoqd0wpL/E83o/qRSQNTTmbu+8=
-64,-28,JKSSA99VwEXvHm0JW0H4eKGfX6A=,ZMoqd0wpL/E83o/qRSQNTTmbu+8=
-49,-19,YMa6Rnj1y1ASSeOfglFody7OPBI=,o4jE1q9JU4MqwwlnaAFAjUUBbPY=
-49,-21,YMa6Rnj1y1ASSeOfglFody7OPBI=,o4jE1q9JU4MqwwlnaAFAjUUBbPY=
-49,-22,YMa6Rnj1y1ASSeOfglFody7OPBI=,o4jE1q9JU4MqwwlnaAFAjUUBbPY=
-49,-20,YMa6Rnj1y1ASSeOfglFody7OPBI=,o4jE1q9JU4MqwwlnaAFAjUUBbPY=
-49,-23,YMa6Rnj1y1ASSeOfglFody7OPBI=,o4jE1q9JU4MqwwlnaAFAjUUBbPY=
-60,-32,YMa6Rnj1y1ASSeOfglFody7OPBI=,ZMoqd0wpL/E83o/qRSQNTTmbu+8=
-49,-18,YMa6Rnj1y1ASSeOfglFody7OPBI=,o4jE1q9JU4MqwwlnaAFAjUUBbPY=
-61,-32,YMa6Rnj1y1ASSeOfglFody7OPBI=,ZMoqd0wpL/E83o/qRSQNTTmbu+8=
-49,-25,YMa6Rnj1y1ASSeOfglFody7OPBI=,kreZjwcaMzvZS+adZ6dGEHd4fNs=
-53,-32,YMa6Rnj1y1ASSeOfglFody7OPBI=,kreZjwcaMzvZS+adZ6dGEHd4fNs=
-63,-32,YMa6Rnj1y1ASSeOfglFody7OPBI=,ZMoqd0wpL/E83o/qRSQNTTmbu+8=
-52,-32,YMa6Rnj1y1ASSeOfglFody7OPBI=,kreZjwcaMzvZS+adZ6dGEHd4fNs=
-49,-27,YMa6Rnj1y1ASSeOfglFody7OPBI=,kreZjwcaMzvZS+adZ6dGEHd4fNs=
-59,-32,YMa6Rnj1y1ASSeOfglFody7OPBI=,ZMoqd0wpL/E83o/qRSQNTTmbu+8=
-49,-26,YMa6Rnj1y1ASSeOfglFody7OPBI=,kreZjwcaMzvZS+adZ6dGEHd4fNs=
-62,-32,YMa6Rnj1y1ASSeOfglFody7OPBI=,ZMoqd0wpL/E83o/qRSQNTTmbu+8=
-58,-32,YMa6Rnj1y1ASSeOfglFody7OPBI=,ZMoqd0wpL/E83o/qRSQNTTmbu+8=
-56,-32,YMa6Rnj1y1ASSeOfglFody7OPBI=,kreZjwcaMzvZS+adZ6dGEHd4fNs=
-54,-32,YMa6Rnj1y1ASSeOfglFody7OPBI=,kreZjwcaMzvZS+adZ6dGEHd4fNs=
-51,-32,YMa6Rnj1y1ASSeOfglFody7OPBI=,kreZjwcaMzvZS+adZ6dGEHd4fNs=
-50,-32,YMa6Rnj1y1ASSeOfglFody7OPBI=,kreZjwcaMzvZS+adZ6dGEHd4fNs=
-49,-24,YMa6Rnj1y1ASSeOfglFody7OPBI=,o4jE1q9JU4MqwwlnaAFAjUUBbPY=
-57,-32,YMa6Rnj1y1ASSeOfglFody7OPBI=,ZMoqd0wpL/E83o/qRSQNTTmbu+8=
-55,-32,YMa6Rnj1y1ASSeOfglFody7OPBI=,kreZjwcaMzvZS+adZ6dGEHd4fNs=
-49,-31,YMa6Rnj1y1ASSeOfglFody7OPBI=,kreZjwcaMzvZS+adZ6dGEHd4fNs=
-49,-28,YMa6Rnj1y1ASSeOfglFody7OPBI=,kreZjwcaMzvZS+adZ6dGEHd4fNs=
-49,-30,YMa6Rnj1y1ASSeOfglFody7OPBI=,kreZjwcaMzvZS+adZ6dGEHd4fNs=
-49,-29,YMa6Rnj1y1ASSeOfglFody7OPBI=,kreZjwcaMzvZS+adZ6dGEHd4fNs=
-49,-17,YMa6Rnj1y1ASSeOfglFody7OPBI=,o4jE1q9JU4MqwwlnaAFAjUUBbPY=
-49,-32,YMa6Rnj1y1ASSeOfglFody7OPBI=,kreZjwcaMzvZS+adZ6dGEHd4fNs=
-64,-17,YMa6Rnj1y1ASSeOfglFody7OPBI=,xtDmas7/2B04Px+gI+UKJmT35HU=
-64,-32,YMa6Rnj1y1ASSeOfglFody7OPBI=,ZMoqd0wpL/E83o/qRSQNTTmbu+8=
-54,-5,YMa6Rnj1y1ASSeOfglFody7OPBI=,Gr5xroTmAOzI0/jNeFbO50G6/DI=
-51,-2,YMa6Rnj1y1ASSeOfglFody7OPBI=,Gr5xroTmAOzI0/jNeFbO50G6/DI=
-52,-2,YMa6Rnj1y1ASSeOfglFody7OPBI=,Gr5xroTmAOzI0/jNeFbO50G6/DI=
-51,-3,YMa6Rnj1y1ASSeOfglFody7OPBI=,Gr5xroTmAOzI0/jNeFbO50G6/DI=
-53,-2,YMa6Rnj1y1ASSeOfglFody7OPBI=,Gr5xroTmAOzI0/jNeFbO50G6/DI=
-50,-5,YMa6Rnj1y1ASSeOfglFody7OPBI=,Gr5xroTmAOzI0/jNeFbO50G6/DI=
-54,-2,YMa6Rnj1y1ASSeOfglFody7OPBI=,Gr5xroTmAOzI0/jNeFbO50G6/DI=
-55,-5,YMa6Rnj1y1ASSeOfglFody7OPBI=,Gr5xroTmAOzI0/jNeFbO50G6/DI=
-51,-5,YMa6Rnj1y1ASSeOfglFody7OPBI=,Gr5xroTmAOzI0/jNeFbO50G6/DI=
-50,-2,YMa6Rnj1y1ASSeOfglFody7OPBI=,Gr5xroTmAOzI0/jNeFbO50G6/DI=
-52,-3,YMa6Rnj1y1ASSeOfglFody7OPBI=,Gr5xroTmAOzI0/jNeFbO50G6/DI=
-50,-3,YMa6Rnj1y1ASSeOfglFody7OPBI=,Gr5xroTmAOzI0/jNeFbO50G6/DI=
-53,-3,YMa6Rnj1y1ASSeOfglFody7OPBI=,Gr5xroTmAOzI0/jNeFbO50G6/DI=
-55,-2,YMa6Rnj1y1ASSeOfglFody7OPBI=,Gr5xroTmAOzI0/jNeFbO50G6/DI=
-50,-4,YMa6Rnj1y1ASSeOfglFody7OPBI=,Gr5xroTmAOzI0/jNeFbO50G6/DI=
-51,-4,YMa6Rnj1y1ASSeOfglFody7OPBI=,Gr5xroTmAOzI0/jNeFbO50G6/DI=
-54,-3,YMa6Rnj1y1ASSeOfglFody7OPBI=,Gr5xroTmAOzI0/jNeFbO50G6/DI=
-50,-6,YMa6Rnj1y1ASSeOfglFody7OPBI=,Gr5xroTmAOzI0/jNeFbO50G6/DI=
-52,-5,YMa6Rnj1y1ASSeOfglFody7OPBI=,Gr5xroTmAOzI0/jNeFbO50G6/DI=
-55,-3,YMa6Rnj1y1ASSeOfglFody7OPBI=,Gr5xroTmAOzI0/jNeFbO50G6/DI=
-51,-6,YMa6Rnj1y1ASSeOfglFody7OPBI=,Gr5xroTmAOzI0/jNeFbO50G6/DI=
-52,-4,YMa6Rnj1y1ASSeOfglFody7OPBI=,Gr5xroTmAOzI0/jNeFbO50G6/DI=
-53,-4,YMa6Rnj1y1ASSeOfglFody7OPBI=,Gr5xroTmAOzI0/jNeFbO50G6/DI=
-54,-4,YMa6Rnj1y1ASSeOfglFody7OPBI=,Gr5xroTmAOzI0/jNeFbO50G6/DI=
-53,-7,YMa6Rnj1y1ASSeOfglFody7OPBI=,Gr5xroTmAOzI0/jNeFbO50G6/DI=
-52,-6,YMa6Rnj1y1ASSeOfglFody7OPBI=,Gr5xroTmAOzI0/jNeFbO50G6/DI=
-54,-7,YMa6Rnj1y1ASSeOfglFody7OPBI=,Gr5xroTmAOzI0/jNeFbO50G6/DI=
-55,-7,YMa6Rnj1y1ASSeOfglFody7OPBI=,Gr5xroTmAOzI0/jNeFbO50G6/DI=
-53,-6,YMa6Rnj1y1ASSeOfglFody7OPBI=,Gr5xroTmAOzI0/jNeFbO50G6/DI=
-53,-5,YMa6Rnj1y1ASSeOfglFody7OPBI=,Gr5xroTmAOzI0/jNeFbO50G6/DI=
-55,-4,YMa6Rnj1y1ASSeOfglFody7OPBI=,Gr5xroTmAOzI0/jNeFbO50G6/DI=
-54,-6,YMa6Rnj1y1ASSeOfglFody7OPBI=,Gr5xroTmAOzI0/jNeFbO50G6/DI=
-55,-6,YMa6Rnj1y1ASSeOfglFody7OPBI=,Gr5xroTmAOzI0/jNeFbO50G6/DI=
-51,-7,YMa6Rnj1y1ASSeOfglFody7OPBI=,Gr5xroTmAOzI0/jNeFbO50G6/DI=
-52,-7,YMa6Rnj1y1ASSeOfglFody7OPBI=,Gr5xroTmAOzI0/jNeFbO50G6/DI=
-60,-11,YMa6Rnj1y1ASSeOfglFody7OPBI=,btOI/A9z3LB7+c+Ad7jgezw7SSM=
-53,-9,YMa6Rnj1y1ASSeOfglFody7OPBI=,uf5bWBEAWdd1X+ZWSjAhTgbmzKk=
-54,-9,YMa6Rnj1y1ASSeOfglFody7OPBI=,uf5bWBEAWdd1X+ZWSjAhTgbmzKk=
-59,-11,YMa6Rnj1y1ASSeOfglFody7OPBI=,btOI/A9z3LB7+c+Ad7jgezw7SSM=
-50,-7,YMa6Rnj1y1ASSeOfglFody7OPBI=,Gr5xroTmAOzI0/jNeFbO50G6/DI=
-52,-9,YMa6Rnj1y1ASSeOfglFody7OPBI=,uf5bWBEAWdd1X+ZWSjAhTgbmzKk=
-55,-9,YMa6Rnj1y1ASSeOfglFody7OPBI=,uf5bWBEAWdd1X+ZWSjAhTgbmzKk=
-58,-12,YMa6Rnj1y1ASSeOfglFody7OPBI=,btOI/A9z3LB7+c+Ad7jgezw7SSM=
-59,-12,YMa6Rnj1y1ASSeOfglFody7OPBI=,btOI/A9z3LB7+c+Ad7jgezw7SSM=
-63,-11,YMa6Rnj1y1ASSeOfglFody7OPBI=,btOI/A9z3LB7+c+Ad7jgezw7SSM=
-51,-9,YMa6Rnj1y1ASSeOfglFody7OPBI=,uf5bWBEAWdd1X+ZWSjAhTgbmzKk=
-61,-11,YMa6Rnj1y1ASSeOfglFody7OPBI=,btOI/A9z3LB7+c+Ad7jgezw7SSM=
-60,-12,YMa6Rnj1y1ASSeOfglFody7OPBI=,btOI/A9z3LB7+c+Ad7jgezw7SSM=
-62,-11,YMa6Rnj1y1ASSeOfglFody7OPBI=,btOI/A9z3LB7+c+Ad7jgezw7SSM=
-54,-8,YMa6Rnj1y1ASSeOfglFody7OPBI=,Gr5xroTmAOzI0/jNeFbO50G6/DI=
-50,-10,YMa6Rnj1y1ASSeOfglFody7OPBI=,uf5bWBEAWdd1X+ZWSjAhTgbmzKk=
-61,-12,YMa6Rnj1y1ASSeOfglFody7OPBI=,btOI/A9z3LB7+c+Ad7jgezw7SSM=
-58,-11,YMa6Rnj1y1ASSeOfglFody7OPBI=,btOI/A9z3LB7+c+Ad7jgezw7SSM=
-62,-12,YMa6Rnj1y1ASSeOfglFody7OPBI=,btOI/A9z3LB7+c+Ad7jgezw7SSM=
-63,-10,YMa6Rnj1y1ASSeOfglFody7OPBI=,btOI/A9z3LB7+c+Ad7jgezw7SSM=
-50,-9,YMa6Rnj1y1ASSeOfglFody7OPBI=,uf5bWBEAWdd1X+ZWSjAhTgbmzKk=
-57,-11,YMa6Rnj1y1ASSeOfglFody7OPBI=,btOI/A9z3LB7+c+Ad7jgezw7SSM=
-58,-13,YMa6Rnj1y1ASSeOfglFody7OPBI=,btOI/A9z3LB7+c+Ad7jgezw7SSM=
-62,-10,YMa6Rnj1y1ASSeOfglFody7OPBI=,btOI/A9z3LB7+c+Ad7jgezw7SSM=
-59,-13,YMa6Rnj1y1ASSeOfglFody7OPBI=,btOI/A9z3LB7+c+Ad7jgezw7SSM=
-63,-12,YMa6Rnj1y1ASSeOfglFody7OPBI=,btOI/A9z3LB7+c+Ad7jgezw7SSM=
-52,-8,YMa6Rnj1y1ASSeOfglFody7OPBI=,Gr5xroTmAOzI0/jNeFbO50G6/DI=
-61,-13,YMa6Rnj1y1ASSeOfglFody7OPBI=,btOI/A9z3LB7+c+Ad7jgezw7SSM=
-60,-13,YMa6Rnj1y1ASSeOfglFody7OPBI=,btOI/A9z3LB7+c+Ad7jgezw7SSM=
-62,-13,YMa6Rnj1y1ASSeOfglFody7OPBI=,btOI/A9z3LB7+c+Ad7jgezw7SSM=
-63,-13,YMa6Rnj1y1ASSeOfglFody7OPBI=,btOI/A9z3LB7+c+Ad7jgezw7SSM=
-57,-10,YMa6Rnj1y1ASSeOfglFody7OPBI=,btOI/A9z3LB7+c+Ad7jgezw7SSM=
-51,-10,YMa6Rnj1y1ASSeOfglFody7OPBI=,uf5bWBEAWdd1X+ZWSjAhTgbmzKk=
-58,-14,YMa6Rnj1y1ASSeOfglFody7OPBI=,btOI/A9z3LB7+c+Ad7jgezw7SSM=
-61,-10,YMa6Rnj1y1ASSeOfglFody7OPBI=,btOI/A9z3LB7+c+Ad7jgezw7SSM=
-52,-10,YMa6Rnj1y1ASSeOfglFody7OPBI=,uf5bWBEAWdd1X+ZWSjAhTgbmzKk=
-55,-8,YMa6Rnj1y1ASSeOfglFody7OPBI=,Gr5xroTmAOzI0/jNeFbO50G6/DI=
-54,-10,YMa6Rnj1y1ASSeOfglFody7OPBI=,uf5bWBEAWdd1X+ZWSjAhTgbmzKk=
-53,-10,YMa6Rnj1y1ASSeOfglFody7OPBI=,uf5bWBEAWdd1X+ZWSjAhTgbmzKk=
-55,-10,YMa6Rnj1y1ASSeOfglFody7OPBI=,uf5bWBEAWdd1X+ZWSjAhTgbmzKk=
-56,-10,YMa6Rnj1y1ASSeOfglFody7OPBI=,uf5bWBEAWdd1X+ZWSjAhTgbmzKk=
-59,-14,YMa6Rnj1y1ASSeOfglFody7OPBI=,btOI/A9z3LB7+c+Ad7jgezw7SSM=
-50,-11,YMa6Rnj1y1ASSeOfglFody7OPBI=,uf5bWBEAWdd1X+ZWSjAhTgbmzKk=
-53,-8,YMa6Rnj1y1ASSeOfglFody7OPBI=,Gr5xroTmAOzI0/jNeFbO50G6/DI=
-51,-11,YMa6Rnj1y1ASSeOfglFody7OPBI=,uf5bWBEAWdd1X+ZWSjAhTgbmzKk=
-60,-10,YMa6Rnj1y1ASSeOfglFody7OPBI=,btOI/A9z3LB7+c+Ad7jgezw7SSM=
-57,-12,YMa6Rnj1y1ASSeOfglFody7OPBI=,btOI/A9z3LB7+c+Ad7jgezw7SSM=
-52,-11,YMa6Rnj1y1ASSeOfglFody7OPBI=,uf5bWBEAWdd1X+ZWSjAhTgbmzKk=
-56,-15,YMa6Rnj1y1ASSeOfglFody7OPBI=,uf5bWBEAWdd1X+ZWSjAhTgbmzKk=
-59,-10,YMa6Rnj1y1ASSeOfglFody7OPBI=,btOI/A9z3LB7+c+Ad7jgezw7SSM=
-53,-11,YMa6Rnj1y1ASSeOfglFody7OPBI=,uf5bWBEAWdd1X+ZWSjAhTgbmzKk=
-55,-11,YMa6Rnj1y1ASSeOfglFody7OPBI=,uf5bWBEAWdd1X+ZWSjAhTgbmzKk=
-51,-8,YMa6Rnj1y1ASSeOfglFody7OPBI=,Gr5xroTmAOzI0/jNeFbO50G6/DI=
-54,-11,YMa6Rnj1y1ASSeOfglFody7OPBI=,uf5bWBEAWdd1X+ZWSjAhTgbmzKk=
-56,-11,YMa6Rnj1y1ASSeOfglFody7OPBI=,uf5bWBEAWdd1X+ZWSjAhTgbmzKk=
-58,-10,YMa6Rnj1y1ASSeOfglFody7OPBI=,btOI/A9z3LB7+c+Ad7jgezw7SSM=
-50,-12,YMa6Rnj1y1ASSeOfglFody7OPBI=,uf5bWBEAWdd1X+ZWSjAhTgbmzKk=
-57,-13,YMa6Rnj1y1ASSeOfglFody7OPBI=,btOI/A9z3LB7+c+Ad7jgezw7SSM=
-50,-8,YMa6Rnj1y1ASSeOfglFody7OPBI=,Gr5xroTmAOzI0/jNeFbO50G6/DI=
-60,-14,YMa6Rnj1y1ASSeOfglFody7OPBI=,btOI/A9z3LB7+c+Ad7jgezw7SSM=
-51,-12,YMa6Rnj1y1ASSeOfglFody7OPBI=,uf5bWBEAWdd1X+ZWSjAhTgbmzKk=
-52,-12,YMa6Rnj1y1ASSeOfglFody7OPBI=,uf5bWBEAWdd1X+ZWSjAhTgbmzKk=
-53,-12,YMa6Rnj1y1ASSeOfglFody7OPBI=,uf5bWBEAWdd1X+ZWSjAhTgbmzKk=
-63,-15,YMa6Rnj1y1ASSeOfglFody7OPBI=,btOI/A9z3LB7+c+Ad7jgezw7SSM=
-54,-12,YMa6Rnj1y1ASSeOfglFody7OPBI=,uf5bWBEAWdd1X+ZWSjAhTgbmzKk=
-55,-15,YMa6Rnj1y1ASSeOfglFody7OPBI=,uf5bWBEAWdd1X+ZWSjAhTgbmzKk=
-55,-12,YMa6Rnj1y1ASSeOfglFody7OPBI=,uf5bWBEAWdd1X+ZWSjAhTgbmzKk=
-56,-12,YMa6Rnj1y1ASSeOfglFody7OPBI=,uf5bWBEAWdd1X+ZWSjAhTgbmzKk=
-61,-14,YMa6Rnj1y1ASSeOfglFody7OPBI=,btOI/A9z3LB7+c+Ad7jgezw7SSM=
-62,-15,YMa6Rnj1y1ASSeOfglFody7OPBI=,btOI/A9z3LB7+c+Ad7jgezw7SSM=
-54,-15,YMa6Rnj1y1ASSeOfglFody7OPBI=,uf5bWBEAWdd1X+ZWSjAhTgbmzKk=
-62,-14,YMa6Rnj1y1ASSeOfglFody7OPBI=,btOI/A9z3LB7+c+Ad7jgezw7SSM=
-59,-15,YMa6Rnj1y1ASSeOfglFody7OPBI=,btOI/A9z3LB7+c+Ad7jgezw7SSM=
-58,-15,YMa6Rnj1y1ASSeOfglFody7OPBI=,btOI/A9z3LB7+c+Ad7jgezw7SSM=
-50,-13,YMa6Rnj1y1ASSeOfglFody7OPBI=,uf5bWBEAWdd1X+ZWSjAhTgbmzKk=
-53,-15,YMa6Rnj1y1ASSeOfglFody7OPBI=,uf5bWBEAWdd1X+ZWSjAhTgbmzKk=
-61,-15,YMa6Rnj1y1ASSeOfglFody7OPBI=,btOI/A9z3LB7+c+Ad7jgezw7SSM=
-53,-13,YMa6Rnj1y1ASSeOfglFody7OPBI=,uf5bWBEAWdd1X+ZWSjAhTgbmzKk=
-51,-13,YMa6Rnj1y1ASSeOfglFody7OPBI=,uf5bWBEAWdd1X+ZWSjAhTgbmzKk=
-60,-15,YMa6Rnj1y1ASSeOfglFody7OPBI=,btOI/A9z3LB7+c+Ad7jgezw7SSM=
-52,-13,YMa6Rnj1y1ASSeOfglFody7OPBI=,uf5bWBEAWdd1X+ZWSjAhTgbmzKk=
-54,-13,YMa6Rnj1y1ASSeOfglFody7OPBI=,uf5bWBEAWdd1X+ZWSjAhTgbmzKk=
-52,-15,YMa6Rnj1y1ASSeOfglFody7OPBI=,uf5bWBEAWdd1X+ZWSjAhTgbmzKk=
-57,-14,YMa6Rnj1y1ASSeOfglFody7OPBI=,btOI/A9z3LB7+c+Ad7jgezw7SSM=
-56,-13,YMa6Rnj1y1ASSeOfglFody7OPBI=,uf5bWBEAWdd1X+ZWSjAhTgbmzKk=
-55,-13,YMa6Rnj1y1ASSeOfglFody7OPBI=,uf5bWBEAWdd1X+ZWSjAhTgbmzKk=
-57,-15,YMa6Rnj1y1ASSeOfglFody7OPBI=,btOI/A9z3LB7+c+Ad7jgezw7SSM=
-51,-15,YMa6Rnj1y1ASSeOfglFody7OPBI=,uf5bWBEAWdd1X+ZWSjAhTgbmzKk=
-50,-14,YMa6Rnj1y1ASSeOfglFody7OPBI=,uf5bWBEAWdd1X+ZWSjAhTgbmzKk=
-51,-14,YMa6Rnj1y1ASSeOfglFody7OPBI=,uf5bWBEAWdd1X+ZWSjAhTgbmzKk=
-50,-15,YMa6Rnj1y1ASSeOfglFody7OPBI=,uf5bWBEAWdd1X+ZWSjAhTgbmzKk=
-52,-14,YMa6Rnj1y1ASSeOfglFody7OPBI=,uf5bWBEAWdd1X+ZWSjAhTgbmzKk=
-53,-14,YMa6Rnj1y1ASSeOfglFody7OPBI=,uf5bWBEAWdd1X+ZWSjAhTgbmzKk=
-55,-14,YMa6Rnj1y1ASSeOfglFody7OPBI=,uf5bWBEAWdd1X+ZWSjAhTgbmzKk=
-56,-14,YMa6Rnj1y1ASSeOfglFody7OPBI=,uf5bWBEAWdd1X+ZWSjAhTgbmzKk=
-63,-14,YMa6Rnj1y1ASSeOfglFody7OPBI=,btOI/A9z3LB7+c+Ad7jgezw7SSM=
-54,-14,YMa6Rnj1y1ASSeOfglFody7OPBI=,uf5bWBEAWdd1X+ZWSjAhTgbmzKk=
-56,-9,YMa6Rnj1y1ASSeOfglFody7OPBI=,uf5bWBEAWdd1X+ZWSjAhTgbmzKk=
-57,-6,YMa6Rnj1y1ASSeOfglFody7OPBI=,7VNPZ1SO/ejxKGSj1ro68VujAZ4=
-61,-5,YMa6Rnj1y1ASSeOfglFody7OPBI=,7VNPZ1SO/ejxKGSj1ro68VujAZ4=
-61,-6,YMa6Rnj1y1ASSeOfglFody7OPBI=,7VNPZ1SO/ejxKGSj1ro68VujAZ4=
-58,-6,YMa6Rnj1y1ASSeOfglFody7OPBI=,7VNPZ1SO/ejxKGSj1ro68VujAZ4=
-60,-5,YMa6Rnj1y1ASSeOfglFody7OPBI=,7VNPZ1SO/ejxKGSj1ro68VujAZ4=
-60,-6,YMa6Rnj1y1ASSeOfglFody7OPBI=,7VNPZ1SO/ejxKGSj1ro68VujAZ4=
-62,-6,YMa6Rnj1y1ASSeOfglFody7OPBI=,7VNPZ1SO/ejxKGSj1ro68VujAZ4=
-63,-5,YMa6Rnj1y1ASSeOfglFody7OPBI=,7VNPZ1SO/ejxKGSj1ro68VujAZ4=
-59,-6,YMa6Rnj1y1ASSeOfglFody7OPBI=,7VNPZ1SO/ejxKGSj1ro68VujAZ4=
-62,-5,YMa6Rnj1y1ASSeOfglFody7OPBI=,7VNPZ1SO/ejxKGSj1ro68VujAZ4=
-57,-7,YMa6Rnj1y1ASSeOfglFody7OPBI=,7VNPZ1SO/ejxKGSj1ro68VujAZ4=
-56,-2,YMa6Rnj1y1ASSeOfglFody7OPBI=,Gr5xroTmAOzI0/jNeFbO50G6/DI=
-61,-7,YMa6Rnj1y1ASSeOfglFody7OPBI=,7VNPZ1SO/ejxKGSj1ro68VujAZ4=
-58,-7,YMa6Rnj1y1ASSeOfglFody7OPBI=,7VNPZ1SO/ejxKGSj1ro68VujAZ4=
-57,-2,YMa6Rnj1y1ASSeOfglFody7OPBI=,7VNPZ1SO/ejxKGSj1ro68VujAZ4=
-60,-7,YMa6Rnj1y1ASSeOfglFody7OPBI=,7VNPZ1SO/ejxKGSj1ro68VujAZ4=
-62,-7,YMa6Rnj1y1ASSeOfglFody7OPBI=,7VNPZ1SO/ejxKGSj1ro68VujAZ4=
-57,-8,YMa6Rnj1y1ASSeOfglFody7OPBI=,7VNPZ1SO/ejxKGSj1ro68VujAZ4=
-63,-6,YMa6Rnj1y1ASSeOfglFody7OPBI=,7VNPZ1SO/ejxKGSj1ro68VujAZ4=
-63,-7,YMa6Rnj1y1ASSeOfglFody7OPBI=,7VNPZ1SO/ejxKGSj1ro68VujAZ4=
-58,-8,YMa6Rnj1y1ASSeOfglFody7OPBI=,7VNPZ1SO/ejxKGSj1ro68VujAZ4=
-56,-8,YMa6Rnj1y1ASSeOfglFody7OPBI=,Gr5xroTmAOzI0/jNeFbO50G6/DI=
-62,-8,YMa6Rnj1y1ASSeOfglFody7OPBI=,7VNPZ1SO/ejxKGSj1ro68VujAZ4=
-63,-8,YMa6Rnj1y1ASSeOfglFody7OPBI=,7VNPZ1SO/ejxKGSj1ro68VujAZ4=
-60,-2,YMa6Rnj1y1ASSeOfglFody7OPBI=,7VNPZ1SO/ejxKGSj1ro68VujAZ4=
-61,-8,YMa6Rnj1y1ASSeOfglFody7OPBI=,7VNPZ1SO/ejxKGSj1ro68VujAZ4=
-57,-9,YMa6Rnj1y1ASSeOfglFody7OPBI=,btOI/A9z3LB7+c+Ad7jgezw7SSM=
-58,-2,YMa6Rnj1y1ASSeOfglFody7OPBI=,7VNPZ1SO/ejxKGSj1ro68VujAZ4=
-59,-2,YMa6Rnj1y1ASSeOfglFody7OPBI=,7VNPZ1SO/ejxKGSj1ro68VujAZ4=
-56,-4,YMa6Rnj1y1ASSeOfglFody7OPBI=,Gr5xroTmAOzI0/jNeFbO50G6/DI=
-59,-8,YMa6Rnj1y1ASSeOfglFody7OPBI=,7VNPZ1SO/ejxKGSj1ro68VujAZ4=
-58,-9,YMa6Rnj1y1ASSeOfglFody7OPBI=,btOI/A9z3LB7+c+Ad7jgezw7SSM=
-61,-9,YMa6Rnj1y1ASSeOfglFody7OPBI=,btOI/A9z3LB7+c+Ad7jgezw7SSM=
-56,-5,YMa6Rnj1y1ASSeOfglFody7OPBI=,Gr5xroTmAOzI0/jNeFbO50G6/DI=
-56,-6,YMa6Rnj1y1ASSeOfglFody7OPBI=,Gr5xroTmAOzI0/jNeFbO50G6/DI=
-61,-2,YMa6Rnj1y1ASSeOfglFody7OPBI=,7VNPZ1SO/ejxKGSj1ro68VujAZ4=
-59,-9,YMa6Rnj1y1ASSeOfglFody7OPBI=,btOI/A9z3LB7+c+Ad7jgezw7SSM=
-62,-2,YMa6Rnj1y1ASSeOfglFody7OPBI=,7VNPZ1SO/ejxKGSj1ro68VujAZ4=
-57,-3,YMa6Rnj1y1ASSeOfglFody7OPBI=,7VNPZ1SO/ejxKGSj1ro68VujAZ4=
-59,-7,YMa6Rnj1y1ASSeOfglFody7OPBI=,7VNPZ1SO/ejxKGSj1ro68VujAZ4=
-63,-2,YMa6Rnj1y1ASSeOfglFody7OPBI=,7VNPZ1SO/ejxKGSj1ro68VujAZ4=
-58,-3,YMa6Rnj1y1ASSeOfglFody7OPBI=,7VNPZ1SO/ejxKGSj1ro68VujAZ4=
-60,-9,YMa6Rnj1y1ASSeOfglFody7OPBI=,btOI/A9z3LB7+c+Ad7jgezw7SSM=
-62,-9,YMa6Rnj1y1ASSeOfglFody7OPBI=,btOI/A9z3LB7+c+Ad7jgezw7SSM=
-61,-3,YMa6Rnj1y1ASSeOfglFody7OPBI=,7VNPZ1SO/ejxKGSj1ro68VujAZ4=
-59,-3,YMa6Rnj1y1ASSeOfglFody7OPBI=,7VNPZ1SO/ejxKGSj1ro68VujAZ4=
-60,-8,YMa6Rnj1y1ASSeOfglFody7OPBI=,7VNPZ1SO/ejxKGSj1ro68VujAZ4=
-63,-9,YMa6Rnj1y1ASSeOfglFody7OPBI=,btOI/A9z3LB7+c+Ad7jgezw7SSM=
-56,-7,YMa6Rnj1y1ASSeOfglFody7OPBI=,Gr5xroTmAOzI0/jNeFbO50G6/DI=
-57,-4,YMa6Rnj1y1ASSeOfglFody7OPBI=,7VNPZ1SO/ejxKGSj1ro68VujAZ4=
-60,-3,YMa6Rnj1y1ASSeOfglFody7OPBI=,7VNPZ1SO/ejxKGSj1ro68VujAZ4=
-58,-4,YMa6Rnj1y1ASSeOfglFody7OPBI=,7VNPZ1SO/ejxKGSj1ro68VujAZ4=
-59,-5,YMa6Rnj1y1ASSeOfglFody7OPBI=,7VNPZ1SO/ejxKGSj1ro68VujAZ4=
-62,-3,YMa6Rnj1y1ASSeOfglFody7OPBI=,7VNPZ1SO/ejxKGSj1ro68VujAZ4=
-56,-3,YMa6Rnj1y1ASSeOfglFody7OPBI=,Gr5xroTmAOzI0/jNeFbO50G6/DI=
-63,-3,YMa6Rnj1y1ASSeOfglFody7OPBI=,7VNPZ1SO/ejxKGSj1ro68VujAZ4=
-57,-5,YMa6Rnj1y1ASSeOfglFody7OPBI=,7VNPZ1SO/ejxKGSj1ro68VujAZ4=
-59,-4,YMa6Rnj1y1ASSeOfglFody7OPBI=,7VNPZ1SO/ejxKGSj1ro68VujAZ4=
-61,-4,YMa6Rnj1y1ASSeOfglFody7OPBI=,7VNPZ1SO/ejxKGSj1ro68VujAZ4=
-60,-4,YMa6Rnj1y1ASSeOfglFody7OPBI=,7VNPZ1SO/ejxKGSj1ro68VujAZ4=
-58,-5,YMa6Rnj1y1ASSeOfglFody7OPBI=,7VNPZ1SO/ejxKGSj1ro68VujAZ4=
-62,-4,YMa6Rnj1y1ASSeOfglFody7OPBI=,7VNPZ1SO/ejxKGSj1ro68VujAZ4=
-63,-4,YMa6Rnj1y1ASSeOfglFody7OPBI=,7VNPZ1SO/ejxKGSj1ro68VujAZ4=
-60,-1,YMa6Rnj1y1ASSeOfglFody7OPBI=,7VNPZ1SO/ejxKGSj1ro68VujAZ4=
-63,-1,YMa6Rnj1y1ASSeOfglFody7OPBI=,7VNPZ1SO/ejxKGSj1ro68VujAZ4=
-61,-1,YMa6Rnj1y1ASSeOfglFody7OPBI=,7VNPZ1SO/ejxKGSj1ro68VujAZ4=
-62,-1,YMa6Rnj1y1ASSeOfglFody7OPBI=,7VNPZ1SO/ejxKGSj1ro68VujAZ4=
-58,-1,YMa6Rnj1y1ASSeOfglFody7OPBI=,7VNPZ1SO/ejxKGSj1ro68VujAZ4=
-49,-5,YMa6Rnj1y1ASSeOfglFody7OPBI=,Gr5xroTmAOzI0/jNeFbO50G6/DI=
-59,-1,YMa6Rnj1y1ASSeOfglFody7OPBI=,7VNPZ1SO/ejxKGSj1ro68VujAZ4=
-49,-2,YMa6Rnj1y1ASSeOfglFody7OPBI=,Gr5xroTmAOzI0/jNeFbO50G6/DI=
-49,-6,YMa6Rnj1y1ASSeOfglFody7OPBI=,Gr5xroTmAOzI0/jNeFbO50G6/DI=
-49,-7,YMa6Rnj1y1ASSeOfglFody7OPBI=,Gr5xroTmAOzI0/jNeFbO50G6/DI=
-49,-4,YMa6Rnj1y1ASSeOfglFody7OPBI=,Gr5xroTmAOzI0/jNeFbO50G6/DI=
-49,-3,YMa6Rnj1y1ASSeOfglFody7OPBI=,Gr5xroTmAOzI0/jNeFbO50G6/DI=
-56,-1,YMa6Rnj1y1ASSeOfglFody7OPBI=,Gr5xroTmAOzI0/jNeFbO50G6/DI=
-57,-1,YMa6Rnj1y1ASSeOfglFody7OPBI=,7VNPZ1SO/ejxKGSj1ro68VujAZ4=
-52,-1,YMa6Rnj1y1ASSeOfglFody7OPBI=,Gr5xroTmAOzI0/jNeFbO50G6/DI=
-53,-1,YMa6Rnj1y1ASSeOfglFody7OPBI=,Gr5xroTmAOzI0/jNeFbO50G6/DI=
-54,-1,YMa6Rnj1y1ASSeOfglFody7OPBI=,Gr5xroTmAOzI0/jNeFbO50G6/DI=
-50,-1,YMa6Rnj1y1ASSeOfglFody7OPBI=,Gr5xroTmAOzI0/jNeFbO50G6/DI=
-55,-1,YMa6Rnj1y1ASSeOfglFody7OPBI=,Gr5xroTmAOzI0/jNeFbO50G6/DI=
-51,-1,YMa6Rnj1y1ASSeOfglFody7OPBI=,Gr5xroTmAOzI0/jNeFbO50G6/DI=
-49,-9,YMa6Rnj1y1ASSeOfglFody7OPBI=,uf5bWBEAWdd1X+ZWSjAhTgbmzKk=
-49,-14,YMa6Rnj1y1ASSeOfglFody7OPBI=,uf5bWBEAWdd1X+ZWSjAhTgbmzKk=
-49,-12,YMa6Rnj1y1ASSeOfglFody7OPBI=,uf5bWBEAWdd1X+ZWSjAhTgbmzKk=
-49,-15,YMa6Rnj1y1ASSeOfglFody7OPBI=,uf5bWBEAWdd1X+ZWSjAhTgbmzKk=
-49,-11,YMa6Rnj1y1ASSeOfglFody7OPBI=,uf5bWBEAWdd1X+ZWSjAhTgbmzKk=
-49,-13,YMa6Rnj1y1ASSeOfglFody7OPBI=,uf5bWBEAWdd1X+ZWSjAhTgbmzKk=
-49,-10,YMa6Rnj1y1ASSeOfglFody7OPBI=,uf5bWBEAWdd1X+ZWSjAhTgbmzKk=
-49,-8,YMa6Rnj1y1ASSeOfglFody7OPBI=,Gr5xroTmAOzI0/jNeFbO50G6/DI=
-52,-16,YMa6Rnj1y1ASSeOfglFody7OPBI=,uf5bWBEAWdd1X+ZWSjAhTgbmzKk=
-55,-16,YMa6Rnj1y1ASSeOfglFody7OPBI=,uf5bWBEAWdd1X+ZWSjAhTgbmzKk=
-51,-16,YMa6Rnj1y1ASSeOfglFody7OPBI=,uf5bWBEAWdd1X+ZWSjAhTgbmzKk=
-50,-16,YMa6Rnj1y1ASSeOfglFody7OPBI=,uf5bWBEAWdd1X+ZWSjAhTgbmzKk=
-53,-16,YMa6Rnj1y1ASSeOfglFody7OPBI=,uf5bWBEAWdd1X+ZWSjAhTgbmzKk=
-54,-16,YMa6Rnj1y1ASSeOfglFody7OPBI=,uf5bWBEAWdd1X+ZWSjAhTgbmzKk=
-58,-16,YMa6Rnj1y1ASSeOfglFody7OPBI=,btOI/A9z3LB7+c+Ad7jgezw7SSM=
-59,-16,YMa6Rnj1y1ASSeOfglFody7OPBI=,btOI/A9z3LB7+c+Ad7jgezw7SSM=
-56,-16,YMa6Rnj1y1ASSeOfglFody7OPBI=,uf5bWBEAWdd1X+ZWSjAhTgbmzKk=
-61,-16,YMa6Rnj1y1ASSeOfglFody7OPBI=,btOI/A9z3LB7+c+Ad7jgezw7SSM=
-62,-16,YMa6Rnj1y1ASSeOfglFody7OPBI=,btOI/A9z3LB7+c+Ad7jgezw7SSM=
-63,-16,YMa6Rnj1y1ASSeOfglFody7OPBI=,btOI/A9z3LB7+c+Ad7jgezw7SSM=
-64,-11,YMa6Rnj1y1ASSeOfglFody7OPBI=,btOI/A9z3LB7+c+Ad7jgezw7SSM=
-60,-16,YMa6Rnj1y1ASSeOfglFody7OPBI=,btOI/A9z3LB7+c+Ad7jgezw7SSM=
-64,-10,YMa6Rnj1y1ASSeOfglFody7OPBI=,btOI/A9z3LB7+c+Ad7jgezw7SSM=
-57,-16,YMa6Rnj1y1ASSeOfglFody7OPBI=,btOI/A9z3LB7+c+Ad7jgezw7SSM=
-64,-12,YMa6Rnj1y1ASSeOfglFody7OPBI=,btOI/A9z3LB7+c+Ad7jgezw7SSM=
-64,-15,YMa6Rnj1y1ASSeOfglFody7OPBI=,btOI/A9z3LB7+c+Ad7jgezw7SSM=
-64,-14,YMa6Rnj1y1ASSeOfglFody7OPBI=,btOI/A9z3LB7+c+Ad7jgezw7SSM=
-64,-8,YMa6Rnj1y1ASSeOfglFody7OPBI=,7VNPZ1SO/ejxKGSj1ro68VujAZ4=
-64,-13,YMa6Rnj1y1ASSeOfglFody7OPBI=,btOI/A9z3LB7+c+Ad7jgezw7SSM=
-64,-9,YMa6Rnj1y1ASSeOfglFody7OPBI=,btOI/A9z3LB7+c+Ad7jgezw7SSM=
-64,-2,YMa6Rnj1y1ASSeOfglFody7OPBI=,7VNPZ1SO/ejxKGSj1ro68VujAZ4=
-64,-5,YMa6Rnj1y1ASSeOfglFody7OPBI=,7VNPZ1SO/ejxKGSj1ro68VujAZ4=
-64,-4,YMa6Rnj1y1ASSeOfglFody7OPBI=,7VNPZ1SO/ejxKGSj1ro68VujAZ4=
-64,-7,YMa6Rnj1y1ASSeOfglFody7OPBI=,7VNPZ1SO/ejxKGSj1ro68VujAZ4=
-64,-6,YMa6Rnj1y1ASSeOfglFody7OPBI=,7VNPZ1SO/ejxKGSj1ro68VujAZ4=
-64,-1,YMa6Rnj1y1ASSeOfglFody7OPBI=,7VNPZ1SO/ejxKGSj1ro68VujAZ4=
-64,-3,YMa6Rnj1y1ASSeOfglFody7OPBI=,7VNPZ1SO/ejxKGSj1ro68VujAZ4=
-49,-16,YMa6Rnj1y1ASSeOfglFody7OPBI=,uf5bWBEAWdd1X+ZWSjAhTgbmzKk=
-64,-16,YMa6Rnj1y1ASSeOfglFody7OPBI=,btOI/A9z3LB7+c+Ad7jgezw7SSM=
-49,-1,YMa6Rnj1y1ASSeOfglFody7OPBI=,Gr5xroTmAOzI0/jNeFbO50G6/DI=
