-82,37,sETjVz0SV43p0+Al8NCZO7oeWH0=,CXVEAwVGswyJjJ5WmuECy10aLcg=
-82,36,sETjVz0SV43p0+Al8NCZO7oeWH0=,CXVEAwVGswyJjJ5WmuECy10aLcg=
-81,36,sETjVz0SV43p0+Al8NCZO7oeWH0=,CXVEAwVGswyJjJ5WmuECy10aLcg=
-81,32,sETjVz0SV43p0+Al8NCZO7oeWH0=,CXVEAwVGswyJjJ5WmuECy10aLcg=
-82,35,sETjVz0SV43p0+Al8NCZO7oeWH0=,CXVEAwVGswyJjJ5WmuECy10aLcg=
-81,33,sETjVz0SV43p0+Al8NCZO7oeWH0=,CXVEAwVGswyJjJ5WmuECy10aLcg=
-81,34,sETjVz0SV43p0+Al8NCZO7oeWH0=,CXVEAwVGswyJjJ5WmuECy10aLcg=
-81,38,sETjVz0SV43p0+Al8NCZO7oeWH0=,CXVEAwVGswyJjJ5WmuECy10aLcg=
-81,35,sETjVz0SV43p0+Al8NCZO7oeWH0=,CXVEAwVGswyJjJ5WmuECy10aLcg=
-81,37,sETjVz0SV43p0+Al8NCZO7oeWH0=,CXVEAwVGswyJjJ5WmuECy10aLcg=
-82,33,sETjVz0SV43p0+Al8NCZO7oeWH0=,CXVEAwVGswyJjJ5WmuECy10aLcg=
-82,32,sETjVz0SV43p0+Al8NCZO7oeWH0=,CXVEAwVGswyJjJ5WmuECy10aLcg=
-82,34,sETjVz0SV43p0+Al8NCZO7oeWH0=,CXVEAwVGswyJjJ5WmuECy10aLcg=
-82,38,sETjVz0SV43p0+Al8NCZO7oeWH0=,CXVEAwVGswyJjJ5WmuECy10aLcg=
-82,46,sETjVz0SV43p0+Al8NCZO7oeWH0=,Rx+qvmy/pio/4XreumaZQJWdUeY=
-81,45,sETjVz0SV43p0+Al8NCZO7oeWH0=,Rx+qvmy/pio/4XreumaZQJWdUeY=
-82,45,sETjVz0SV43p0+Al8NCZO7oeWH0=,Rx+qvmy/pio/4XreumaZQJWdUeY=
-81,44,sETjVz0SV43p0+Al8NCZO7oeWH0=,Rx+qvmy/pio/4XreumaZQJWdUeY=
-82,39,sETjVz0SV43p0+Al8NCZO7oeWH0=,CXVEAwVGswyJjJ5WmuECy10aLcg=
-81,40,sETjVz0SV43p0+Al8NCZO7oeWH0=,Rx+qvmy/pio/4XreumaZQJWdUeY=
-81,39,sETjVz0SV43p0+Al8NCZO7oeWH0=,CXVEAwVGswyJjJ5WmuECy10aLcg=
-82,43,sETjVz0SV43p0+Al8NCZO7oeWH0=,Rx+qvmy/pio/4XreumaZQJWdUeY=
-81,47,sETjVz0SV43p0+Al8NCZO7oeWH0=,Rx+qvmy/pio/4XreumaZQJWdUeY=
-82,40,sETjVz0SV43p0+Al8NCZO7oeWH0=,Rx+qvmy/pio/4XreumaZQJWdUeY=
-82,44,sETjVz0SV43p0+Al8NCZO7oeWH0=,Rx+qvmy/pio/4XreumaZQJWdUeY=
-81,41,sETjVz0SV43p0+Al8NCZO7oeWH0=,Rx+qvmy/pio/4XreumaZQJWdUeY=
-82,47,sETjVz0SV43p0+Al8NCZO7oeWH0=,Rx+qvmy/pio/4XreumaZQJWdUeY=
-82,41,sETjVz0SV43p0+Al8NCZO7oeWH0=,Rx+qvmy/pio/4XreumaZQJWdUeY=
-81,43,sETjVz0SV43p0+Al8NCZO7oeWH0=,Rx+qvmy/pio/4XreumaZQJWdUeY=
-81,46,sETjVz0SV43p0+Al8NCZO7oeWH0=,Rx+qvmy/pio/4XreumaZQJWdUeY=
-82,42,sETjVz0SV43p0+Al8NCZO7oeWH0=,Rx+qvmy/pio/4XreumaZQJWdUeY=
-81,42,sETjVz0SV43p0+Al8NCZO7oeWH0=,Rx+qvmy/pio/4XreumaZQJWdUeY=
-81,61,sETjVz0SV43p0+Al8NCZO7oeWH0=,NhRC6RiLgDIbMcjtxnfwFmEBhqk=
-82,62,sETjVz0SV43p0+Al8NCZO7oeWH0=,NhRC6RiLgDIbMcjtxnfwFmEBhqk=
-81,60,sETjVz0SV43p0+Al8NCZO7oeWH0=,NhRC6RiLgDIbMcjtxnfwFmEBhqk=
-82,60,sETjVz0SV43p0+Al8NCZO7oeWH0=,NhRC6RiLgDIbMcjtxnfwFmEBhqk=
-82,61,sETjVz0SV43p0+Al8NCZO7oeWH0=,NhRC6RiLgDIbMcjtxnfwFmEBhqk=
-81,59,sETjVz0SV43p0+Al8NCZO7oeWH0=,NhRC6RiLgDIbMcjtxnfwFmEBhqk=
-82,59,sETjVz0SV43p0+Al8NCZO7oeWH0=,NhRC6RiLgDIbMcjtxnfwFmEBhqk=
-81,57,sETjVz0SV43p0+Al8NCZO7oeWH0=,NhRC6RiLgDIbMcjtxnfwFmEBhqk=
-81,63,sETjVz0SV43p0+Al8NCZO7oeWH0=,NhRC6RiLgDIbMcjtxnfwFmEBhqk=
-82,57,sETjVz0SV43p0+Al8NCZO7oeWH0=,NhRC6RiLgDIbMcjtxnfwFmEBhqk=
-82,63,sETjVz0SV43p0+Al8NCZO7oeWH0=,NhRC6RiLgDIbMcjtxnfwFmEBhqk=
-81,58,sETjVz0SV43p0+Al8NCZO7oeWH0=,NhRC6RiLgDIbMcjtxnfwFmEBhqk=
-81,62,sETjVz0SV43p0+Al8NCZO7oeWH0=,NhRC6RiLgDIbMcjtxnfwFmEBhqk=
-81,49,sETjVz0SV43p0+Al8NCZO7oeWH0=,uftcxNSwtaNmo4/CrAi5L/9sNYg=
-82,58,sETjVz0SV43p0+Al8NCZO7oeWH0=,NhRC6RiLgDIbMcjtxnfwFmEBhqk=
-81,52,sETjVz0SV43p0+Al8NCZO7oeWH0=,uftcxNSwtaNmo4/CrAi5L/9sNYg=
-82,52,sETjVz0SV43p0+Al8NCZO7oeWH0=,uftcxNSwtaNmo4/CrAi5L/9sNYg=
-81,51,sETjVz0SV43p0+Al8NCZO7oeWH0=,uftcxNSwtaNmo4/CrAi5L/9sNYg=
-82,49,sETjVz0SV43p0+Al8NCZO7oeWH0=,uftcxNSwtaNmo4/CrAi5L/9sNYg=
-82,53,sETjVz0SV43p0+Al8NCZO7oeWH0=,uftcxNSwtaNmo4/CrAi5L/9sNYg=
-81,54,sETjVz0SV43p0+Al8NCZO7oeWH0=,uftcxNSwtaNmo4/CrAi5L/9sNYg=
-81,56,sETjVz0SV43p0+Al8NCZO7oeWH0=,NhRC6RiLgDIbMcjtxnfwFmEBhqk=
-82,55,sETjVz0SV43p0+Al8NCZO7oeWH0=,uftcxNSwtaNmo4/CrAi5L/9sNYg=
-81,55,sETjVz0SV43p0+Al8NCZO7oeWH0=,uftcxNSwtaNmo4/CrAi5L/9sNYg=
-81,48,sETjVz0SV43p0+Al8NCZO7oeWH0=,uftcxNSwtaNmo4/CrAi5L/9sNYg=
-82,51,sETjVz0SV43p0+Al8NCZO7oeWH0=,uftcxNSwtaNmo4/CrAi5L/9sNYg=
-82,48,sETjVz0SV43p0+Al8NCZO7oeWH0=,uftcxNSwtaNmo4/CrAi5L/9sNYg=
-82,54,sETjVz0SV43p0+Al8NCZO7oeWH0=,uftcxNSwtaNmo4/CrAi5L/9sNYg=
-82,56,sETjVz0SV43p0+Al8NCZO7oeWH0=,NhRC6RiLgDIbMcjtxnfwFmEBhqk=
-81,50,sETjVz0SV43p0+Al8NCZO7oeWH0=,uftcxNSwtaNmo4/CrAi5L/9sNYg=
-81,53,sETjVz0SV43p0+Al8NCZO7oeWH0=,uftcxNSwtaNmo4/CrAi5L/9sNYg=
-82,50,sETjVz0SV43p0+Al8NCZO7oeWH0=,uftcxNSwtaNmo4/CrAi5L/9sNYg=
-68,61,sETjVz0SV43p0+Al8NCZO7oeWH0=,EHNGvdckjxiFcViEiukF/sgNktw=
-69,61,sETjVz0SV43p0+Al8NCZO7oeWH0=,EHNGvdckjxiFcViEiukF/sgNktw=
-72,62,uySgqUKlm9aAS/Mr9STnssxFGmo=,EHNGvdckjxiFcViEiukF/sgNktw=
-72,57,uySgqUKlm9aAS/Mr9STnssxFGmo=,EHNGvdckjxiFcViEiukF/sgNktw=
-79,57,uySgqUKlm9aAS/Mr9STnssxFGmo=,97P0D6IWPxUFe02s0KINpV17QFs=
-78,57,uySgqUKlm9aAS/Mr9STnssxFGmo=,97P0D6IWPxUFe02s0KINpV17QFs=
-77,57,uySgqUKlm9aAS/Mr9STnssxFGmo=,97P0D6IWPxUFe02s0KINpV17QFs=
-76,57,uySgqUKlm9aAS/Mr9STnssxFGmo=,97P0D6IWPxUFe02s0KINpV17QFs=
-75,57,uySgqUKlm9aAS/Mr9STnssxFGmo=,97P0D6IWPxUFe02s0KINpV17QFs=
-74,57,uySgqUKlm9aAS/Mr9STnssxFGmo=,97P0D6IWPxUFe02s0KINpV17QFs=
-73,57,uySgqUKlm9aAS/Mr9STnssxFGmo=,97P0D6IWPxUFe02s0KINpV17QFs=
-79,58,uySgqUKlm9aAS/Mr9STnssxFGmo=,97P0D6IWPxUFe02s0KINpV17QFs=
-78,58,uySgqUKlm9aAS/Mr9STnssxFGmo=,97P0D6IWPxUFe02s0KINpV17QFs=
-73,62,uySgqUKlm9aAS/Mr9STnssxFGmo=,97P0D6IWPxUFe02s0KINpV17QFs=
-74,62,uySgqUKlm9aAS/Mr9STnssxFGmo=,97P0D6IWPxUFe02s0KINpV17QFs=
-70,61,uySgqUKlm9aAS/Mr9STnssxFGmo=,EHNGvdckjxiFcViEiukF/sgNktw=
-75,62,uySgqUKlm9aAS/Mr9STnssxFGmo=,97P0D6IWPxUFe02s0KINpV17QFs=
-77,58,uySgqUKlm9aAS/Mr9STnssxFGmo=,97P0D6IWPxUFe02s0KINpV17QFs=
-66,60,uySgqUKlm9aAS/Mr9STnssxFGmo=,EHNGvdckjxiFcViEiukF/sgNktw=
-71,61,uySgqUKlm9aAS/Mr9STnssxFGmo=,EHNGvdckjxiFcViEiukF/sgNktw=
-78,62,uySgqUKlm9aAS/Mr9STnssxFGmo=,97P0D6IWPxUFe02s0KINpV17QFs=
-77,62,uySgqUKlm9aAS/Mr9STnssxFGmo=,97P0D6IWPxUFe02s0KINpV17QFs=
-76,62,uySgqUKlm9aAS/Mr9STnssxFGmo=,97P0D6IWPxUFe02s0KINpV17QFs=
-79,62,uySgqUKlm9aAS/Mr9STnssxFGmo=,97P0D6IWPxUFe02s0KINpV17QFs=
-72,61,uySgqUKlm9aAS/Mr9STnssxFGmo=,EHNGvdckjxiFcViEiukF/sgNktw=
-76,58,uySgqUKlm9aAS/Mr9STnssxFGmo=,97P0D6IWPxUFe02s0KINpV17QFs=
-73,61,uySgqUKlm9aAS/Mr9STnssxFGmo=,97P0D6IWPxUFe02s0KINpV17QFs=
-74,61,uySgqUKlm9aAS/Mr9STnssxFGmo=,97P0D6IWPxUFe02s0KINpV17QFs=
-67,60,uySgqUKlm9aAS/Mr9STnssxFGmo=,EHNGvdckjxiFcViEiukF/sgNktw=
-75,61,uySgqUKlm9aAS/Mr9STnssxFGmo=,97P0D6IWPxUFe02s0KINpV17QFs=
-76,61,uySgqUKlm9aAS/Mr9STnssxFGmo=,97P0D6IWPxUFe02s0KINpV17QFs=
-75,58,uySgqUKlm9aAS/Mr9STnssxFGmo=,97P0D6IWPxUFe02s0KINpV17QFs=
-77,61,uySgqUKlm9aAS/Mr9STnssxFGmo=,97P0D6IWPxUFe02s0KINpV17QFs=
-78,61,uySgqUKlm9aAS/Mr9STnssxFGmo=,97P0D6IWPxUFe02s0KINpV17QFs=
-79,61,uySgqUKlm9aAS/Mr9STnssxFGmo=,97P0D6IWPxUFe02s0KINpV17QFs=
-73,60,uySgqUKlm9aAS/Mr9STnssxFGmo=,97P0D6IWPxUFe02s0KINpV17QFs=
-74,60,uySgqUKlm9aAS/Mr9STnssxFGmo=,97P0D6IWPxUFe02s0KINpV17QFs=
-72,60,uySgqUKlm9aAS/Mr9STnssxFGmo=,EHNGvdckjxiFcViEiukF/sgNktw=
-74,58,uySgqUKlm9aAS/Mr9STnssxFGmo=,97P0D6IWPxUFe02s0KINpV17QFs=
-68,60,uySgqUKlm9aAS/Mr9STnssxFGmo=,EHNGvdckjxiFcViEiukF/sgNktw=
-75,60,uySgqUKlm9aAS/Mr9STnssxFGmo=,97P0D6IWPxUFe02s0KINpV17QFs=
-76,60,uySgqUKlm9aAS/Mr9STnssxFGmo=,97P0D6IWPxUFe02s0KINpV17QFs=
-73,58,uySgqUKlm9aAS/Mr9STnssxFGmo=,97P0D6IWPxUFe02s0KINpV17QFs=
-77,60,uySgqUKlm9aAS/Mr9STnssxFGmo=,97P0D6IWPxUFe02s0KINpV17QFs=
-79,60,uySgqUKlm9aAS/Mr9STnssxFGmo=,97P0D6IWPxUFe02s0KINpV17QFs=
-78,60,uySgqUKlm9aAS/Mr9STnssxFGmo=,97P0D6IWPxUFe02s0KINpV17QFs=
-73,59,uySgqUKlm9aAS/Mr9STnssxFGmo=,97P0D6IWPxUFe02s0KINpV17QFs=
-72,58,uySgqUKlm9aAS/Mr9STnssxFGmo=,EHNGvdckjxiFcViEiukF/sgNktw=
-72,59,uySgqUKlm9aAS/Mr9STnssxFGmo=,EHNGvdckjxiFcViEiukF/sgNktw=
-74,59,uySgqUKlm9aAS/Mr9STnssxFGmo=,97P0D6IWPxUFe02s0KINpV17QFs=
-69,60,uySgqUKlm9aAS/Mr9STnssxFGmo=,EHNGvdckjxiFcViEiukF/sgNktw=
-75,59,uySgqUKlm9aAS/Mr9STnssxFGmo=,97P0D6IWPxUFe02s0KINpV17QFs=
-79,59,uySgqUKlm9aAS/Mr9STnssxFGmo=,97P0D6IWPxUFe02s0KINpV17QFs=
-70,60,uySgqUKlm9aAS/Mr9STnssxFGmo=,EHNGvdckjxiFcViEiukF/sgNktw=
-76,59,uySgqUKlm9aAS/Mr9STnssxFGmo=,97P0D6IWPxUFe02s0KINpV17QFs=
-77,59,uySgqUKlm9aAS/Mr9STnssxFGmo=,97P0D6IWPxUFe02s0KINpV17QFs=
-78,59,uySgqUKlm9aAS/Mr9STnssxFGmo=,97P0D6IWPxUFe02s0KINpV17QFs=
-67,59,uySgqUKlm9aAS/Mr9STnssxFGmo=,EHNGvdckjxiFcViEiukF/sgNktw=
-66,59,uySgqUKlm9aAS/Mr9STnssxFGmo=,EHNGvdckjxiFcViEiukF/sgNktw=
-68,59,uySgqUKlm9aAS/Mr9STnssxFGmo=,EHNGvdckjxiFcViEiukF/sgNktw=
-69,59,uySgqUKlm9aAS/Mr9STnssxFGmo=,EHNGvdckjxiFcViEiukF/sgNktw=
-70,59,uySgqUKlm9aAS/Mr9STnssxFGmo=,EHNGvdckjxiFcViEiukF/sgNktw=
-71,59,uySgqUKlm9aAS/Mr9STnssxFGmo=,EHNGvdckjxiFcViEiukF/sgNktw=
-67,58,uySgqUKlm9aAS/Mr9STnssxFGmo=,EHNGvdckjxiFcViEiukF/sgNktw=
-66,58,uySgqUKlm9aAS/Mr9STnssxFGmo=,EHNGvdckjxiFcViEiukF/sgNktw=
-68,58,uySgqUKlm9aAS/Mr9STnssxFGmo=,EHNGvdckjxiFcViEiukF/sgNktw=
-69,58,uySgqUKlm9aAS/Mr9STnssxFGmo=,EHNGvdckjxiFcViEiukF/sgNktw=
-70,58,uySgqUKlm9aAS/Mr9STnssxFGmo=,EHNGvdckjxiFcViEiukF/sgNktw=
-71,58,uySgqUKlm9aAS/Mr9STnssxFGmo=,EHNGvdckjxiFcViEiukF/sgNktw=
-67,57,uySgqUKlm9aAS/Mr9STnssxFGmo=,EHNGvdckjxiFcViEiukF/sgNktw=
-66,57,uySgqUKlm9aAS/Mr9STnssxFGmo=,EHNGvdckjxiFcViEiukF/sgNktw=
-68,57,uySgqUKlm9aAS/Mr9STnssxFGmo=,EHNGvdckjxiFcViEiukF/sgNktw=
-71,60,uySgqUKlm9aAS/Mr9STnssxFGmo=,EHNGvdckjxiFcViEiukF/sgNktw=
-70,57,uySgqUKlm9aAS/Mr9STnssxFGmo=,EHNGvdckjxiFcViEiukF/sgNktw=
-71,57,uySgqUKlm9aAS/Mr9STnssxFGmo=,EHNGvdckjxiFcViEiukF/sgNktw=
-66,62,uySgqUKlm9aAS/Mr9STnssxFGmo=,EHNGvdckjxiFcViEiukF/sgNktw=
-67,62,uySgqUKlm9aAS/Mr9STnssxFGmo=,EHNGvdckjxiFcViEiukF/sgNktw=
-68,51,uySgqUKlm9aAS/Mr9STnssxFGmo=,z71nxmCYudXQXgrCklM6OastETs=
-69,57,uySgqUKlm9aAS/Mr9STnssxFGmo=,EHNGvdckjxiFcViEiukF/sgNktw=
-68,62,uySgqUKlm9aAS/Mr9STnssxFGmo=,EHNGvdckjxiFcViEiukF/sgNktw=
-66,55,uySgqUKlm9aAS/Mr9STnssxFGmo=,z71nxmCYudXQXgrCklM6OastETs=
-71,56,uySgqUKlm9aAS/Mr9STnssxFGmo=,EHNGvdckjxiFcViEiukF/sgNktw=
-69,62,uySgqUKlm9aAS/Mr9STnssxFGmo=,EHNGvdckjxiFcViEiukF/sgNktw=
-71,62,uySgqUKlm9aAS/Mr9STnssxFGmo=,EHNGvdckjxiFcViEiukF/sgNktw=
-67,55,uySgqUKlm9aAS/Mr9STnssxFGmo=,z71nxmCYudXQXgrCklM6OastETs=
-66,61,uySgqUKlm9aAS/Mr9STnssxFGmo=,EHNGvdckjxiFcViEiukF/sgNktw=
-68,55,uySgqUKlm9aAS/Mr9STnssxFGmo=,z71nxmCYudXQXgrCklM6OastETs=
-70,56,uySgqUKlm9aAS/Mr9STnssxFGmo=,EHNGvdckjxiFcViEiukF/sgNktw=
-69,55,uySgqUKlm9aAS/Mr9STnssxFGmo=,z71nxmCYudXQXgrCklM6OastETs=
-69,51,uySgqUKlm9aAS/Mr9STnssxFGmo=,z71nxmCYudXQXgrCklM6OastETs=
-70,55,uySgqUKlm9aAS/Mr9STnssxFGmo=,z71nxmCYudXQXgrCklM6OastETs=
-70,51,uySgqUKlm9aAS/Mr9STnssxFGmo=,z71nxmCYudXQXgrCklM6OastETs=
-69,56,uySgqUKlm9aAS/Mr9STnssxFGmo=,EHNGvdckjxiFcViEiukF/sgNktw=
-70,62,uySgqUKlm9aAS/Mr9STnssxFGmo=,EHNGvdckjxiFcViEiukF/sgNktw=
-71,51,uySgqUKlm9aAS/Mr9STnssxFGmo=,z71nxmCYudXQXgrCklM6OastETs=
-67,61,uySgqUKlm9aAS/Mr9STnssxFGmo=,EHNGvdckjxiFcViEiukF/sgNktw=
-68,56,uySgqUKlm9aAS/Mr9STnssxFGmo=,EHNGvdckjxiFcViEiukF/sgNktw=
-69,50,uySgqUKlm9aAS/Mr9STnssxFGmo=,z71nxmCYudXQXgrCklM6OastETs=
-68,50,uySgqUKlm9aAS/Mr9STnssxFGmo=,z71nxmCYudXQXgrCklM6OastETs=
-66,50,uySgqUKlm9aAS/Mr9STnssxFGmo=,z71nxmCYudXQXgrCklM6OastETs=
-70,50,uySgqUKlm9aAS/Mr9STnssxFGmo=,z71nxmCYudXQXgrCklM6OastETs=
-67,51,uySgqUKlm9aAS/Mr9STnssxFGmo=,z71nxmCYudXQXgrCklM6OastETs=
-67,50,uySgqUKlm9aAS/Mr9STnssxFGmo=,z71nxmCYudXQXgrCklM6OastETs=
-71,50,uySgqUKlm9aAS/Mr9STnssxFGmo=,z71nxmCYudXQXgrCklM6OastETs=
-66,51,uySgqUKlm9aAS/Mr9STnssxFGmo=,z71nxmCYudXQXgrCklM6OastETs=
-68,49,uySgqUKlm9aAS/Mr9STnssxFGmo=,z71nxmCYudXQXgrCklM6OastETs=
-69,49,uySgqUKlm9aAS/Mr9STnssxFGmo=,z71nxmCYudXQXgrCklM6OastETs=
-66,54,uySgqUKlm9aAS/Mr9STnssxFGmo=,z71nxmCYudXQXgrCklM6OastETs=
-66,49,uySgqUKlm9aAS/Mr9STnssxFGmo=,z71nxmCYudXQXgrCklM6OastETs=
-67,49,uySgqUKlm9aAS/Mr9STnssxFGmo=,z71nxmCYudXQXgrCklM6OastETs=
-71,52,uySgqUKlm9aAS/Mr9STnssxFGmo=,z71nxmCYudXQXgrCklM6OastETs=
-70,49,uySgqUKlm9aAS/Mr9STnssxFGmo=,z71nxmCYudXQXgrCklM6OastETs=
-67,54,uySgqUKlm9aAS/Mr9STnssxFGmo=,z71nxmCYudXQXgrCklM6OastETs=
-71,49,uySgqUKlm9aAS/Mr9STnssxFGmo=,z71nxmCYudXQXgrCklM6OastETs=
-68,54,uySgqUKlm9aAS/Mr9STnssxFGmo=,z71nxmCYudXQXgrCklM6OastETs=
-69,54,uySgqUKlm9aAS/Mr9STnssxFGmo=,z71nxmCYudXQXgrCklM6OastETs=
-70,52,uySgqUKlm9aAS/Mr9STnssxFGmo=,z71nxmCYudXQXgrCklM6OastETs=
-70,54,uySgqUKlm9aAS/Mr9STnssxFGmo=,z71nxmCYudXQXgrCklM6OastETs=
-71,55,uySgqUKlm9aAS/Mr9STnssxFGmo=,z71nxmCYudXQXgrCklM6OastETs=
-71,54,uySgqUKlm9aAS/Mr9STnssxFGmo=,z71nxmCYudXQXgrCklM6OastETs=
-66,53,uySgqUKlm9aAS/Mr9STnssxFGmo=,z71nxmCYudXQXgrCklM6OastETs=
-69,53,uySgqUKlm9aAS/Mr9STnssxFGmo=,z71nxmCYudXQXgrCklM6OastETs=
-67,53,uySgqUKlm9aAS/Mr9STnssxFGmo=,z71nxmCYudXQXgrCklM6OastETs=
-68,53,uySgqUKlm9aAS/Mr9STnssxFGmo=,z71nxmCYudXQXgrCklM6OastETs=
-70,53,uySgqUKlm9aAS/Mr9STnssxFGmo=,z71nxmCYudXQXgrCklM6OastETs=
-71,53,uySgqUKlm9aAS/Mr9STnssxFGmo=,z71nxmCYudXQXgrCklM6OastETs=
-67,56,uySgqUKlm9aAS/Mr9STnssxFGmo=,EHNGvdckjxiFcViEiukF/sgNktw=
-66,52,uySgqUKlm9aAS/Mr9STnssxFGmo=,z71nxmCYudXQXgrCklM6OastETs=
-67,52,uySgqUKlm9aAS/Mr9STnssxFGmo=,z71nxmCYudXQXgrCklM6OastETs=
-68,52,uySgqUKlm9aAS/Mr9STnssxFGmo=,z71nxmCYudXQXgrCklM6OastETs=
-66,56,uySgqUKlm9aAS/Mr9STnssxFGmo=,EHNGvdckjxiFcViEiukF/sgNktw=
-69,52,uySgqUKlm9aAS/Mr9STnssxFGmo=,z71nxmCYudXQXgrCklM6OastETs=
-77,55,uySgqUKlm9aAS/Mr9STnssxFGmo=,Tew4pQz/YmgQsYCLVRQ3R9D1Ocg=
-74,51,uySgqUKlm9aAS/Mr9STnssxFGmo=,Tew4pQz/YmgQsYCLVRQ3R9D1Ocg=
-75,54,uySgqUKlm9aAS/Mr9STnssxFGmo=,Tew4pQz/YmgQsYCLVRQ3R9D1Ocg=
-76,54,uySgqUKlm9aAS/Mr9STnssxFGmo=,Tew4pQz/YmgQsYCLVRQ3R9D1Ocg=
-78,54,uySgqUKlm9aAS/Mr9STnssxFGmo=,Tew4pQz/YmgQsYCLVRQ3R9D1Ocg=
-77,54,uySgqUKlm9aAS/Mr9STnssxFGmo=,Tew4pQz/YmgQsYCLVRQ3R9D1Ocg=
-78,55,uySgqUKlm9aAS/Mr9STnssxFGmo=,Tew4pQz/YmgQsYCLVRQ3R9D1Ocg=
-79,55,uySgqUKlm9aAS/Mr9STnssxFGmo=,Tew4pQz/YmgQsYCLVRQ3R9D1Ocg=
-73,53,uySgqUKlm9aAS/Mr9STnssxFGmo=,Tew4pQz/YmgQsYCLVRQ3R9D1Ocg=
-79,54,uySgqUKlm9aAS/Mr9STnssxFGmo=,Tew4pQz/YmgQsYCLVRQ3R9D1Ocg=
-75,51,uySgqUKlm9aAS/Mr9STnssxFGmo=,Tew4pQz/YmgQsYCLVRQ3R9D1Ocg=
-72,55,uySgqUKlm9aAS/Mr9STnssxFGmo=,z71nxmCYudXQXgrCklM6OastETs=
-74,53,uySgqUKlm9aAS/Mr9STnssxFGmo=,Tew4pQz/YmgQsYCLVRQ3R9D1Ocg=
-76,55,uySgqUKlm9aAS/Mr9STnssxFGmo=,Tew4pQz/YmgQsYCLVRQ3R9D1Ocg=
-74,54,uySgqUKlm9aAS/Mr9STnssxFGmo=,Tew4pQz/YmgQsYCLVRQ3R9D1Ocg=
-72,51,uySgqUKlm9aAS/Mr9STnssxFGmo=,z71nxmCYudXQXgrCklM6OastETs=
-77,51,uySgqUKlm9aAS/Mr9STnssxFGmo=,Tew4pQz/YmgQsYCLVRQ3R9D1Ocg=
-75,49,uySgqUKlm9aAS/Mr9STnssxFGmo=,Tew4pQz/YmgQsYCLVRQ3R9D1Ocg=
-73,54,uySgqUKlm9aAS/Mr9STnssxFGmo=,Tew4pQz/YmgQsYCLVRQ3R9D1Ocg=
-72,50,uySgqUKlm9aAS/Mr9STnssxFGmo=,z71nxmCYudXQXgrCklM6OastETs=
-72,49,uySgqUKlm9aAS/Mr9STnssxFGmo=,z71nxmCYudXQXgrCklM6OastETs=
-76,51,uySgqUKlm9aAS/Mr9STnssxFGmo=,Tew4pQz/YmgQsYCLVRQ3R9D1Ocg=
-78,51,uySgqUKlm9aAS/Mr9STnssxFGmo=,Tew4pQz/YmgQsYCLVRQ3R9D1Ocg=
-77,52,uySgqUKlm9aAS/Mr9STnssxFGmo=,Tew4pQz/YmgQsYCLVRQ3R9D1Ocg=
-75,53,uySgqUKlm9aAS/Mr9STnssxFGmo=,Tew4pQz/YmgQsYCLVRQ3R9D1Ocg=
-76,49,uySgqUKlm9aAS/Mr9STnssxFGmo=,Tew4pQz/YmgQsYCLVRQ3R9D1Ocg=
-75,55,uySgqUKlm9aAS/Mr9STnssxFGmo=,Tew4pQz/YmgQsYCLVRQ3R9D1Ocg=
-77,49,uySgqUKlm9aAS/Mr9STnssxFGmo=,Tew4pQz/YmgQsYCLVRQ3R9D1Ocg=
-72,54,uySgqUKlm9aAS/Mr9STnssxFGmo=,z71nxmCYudXQXgrCklM6OastETs=
-78,52,uySgqUKlm9aAS/Mr9STnssxFGmo=,Tew4pQz/YmgQsYCLVRQ3R9D1Ocg=
-76,53,uySgqUKlm9aAS/Mr9STnssxFGmo=,Tew4pQz/YmgQsYCLVRQ3R9D1Ocg=
-77,53,uySgqUKlm9aAS/Mr9STnssxFGmo=,Tew4pQz/YmgQsYCLVRQ3R9D1Ocg=
-73,50,uySgqUKlm9aAS/Mr9STnssxFGmo=,Tew4pQz/YmgQsYCLVRQ3R9D1Ocg=
-75,50,uySgqUKlm9aAS/Mr9STnssxFGmo=,Tew4pQz/YmgQsYCLVRQ3R9D1Ocg=
-78,49,uySgqUKlm9aAS/Mr9STnssxFGmo=,Tew4pQz/YmgQsYCLVRQ3R9D1Ocg=
-74,50,uySgqUKlm9aAS/Mr9STnssxFGmo=,Tew4pQz/YmgQsYCLVRQ3R9D1Ocg=
-76,50,uySgqUKlm9aAS/Mr9STnssxFGmo=,Tew4pQz/YmgQsYCLVRQ3R9D1Ocg=
-72,53,uySgqUKlm9aAS/Mr9STnssxFGmo=,z71nxmCYudXQXgrCklM6OastETs=
-79,49,uySgqUKlm9aAS/Mr9STnssxFGmo=,Tew4pQz/YmgQsYCLVRQ3R9D1Ocg=
-77,50,uySgqUKlm9aAS/Mr9STnssxFGmo=,Tew4pQz/YmgQsYCLVRQ3R9D1Ocg=
-74,49,uySgqUKlm9aAS/Mr9STnssxFGmo=,Tew4pQz/YmgQsYCLVRQ3R9D1Ocg=
-78,50,uySgqUKlm9aAS/Mr9STnssxFGmo=,Tew4pQz/YmgQsYCLVRQ3R9D1Ocg=
-79,52,uySgqUKlm9aAS/Mr9STnssxFGmo=,Tew4pQz/YmgQsYCLVRQ3R9D1Ocg=
-78,53,uySgqUKlm9aAS/Mr9STnssxFGmo=,Tew4pQz/YmgQsYCLVRQ3R9D1Ocg=
-79,51,uySgqUKlm9aAS/Mr9STnssxFGmo=,Tew4pQz/YmgQsYCLVRQ3R9D1Ocg=
-79,50,uySgqUKlm9aAS/Mr9STnssxFGmo=,Tew4pQz/YmgQsYCLVRQ3R9D1Ocg=
-79,53,uySgqUKlm9aAS/Mr9STnssxFGmo=,Tew4pQz/YmgQsYCLVRQ3R9D1Ocg=
-73,56,uySgqUKlm9aAS/Mr9STnssxFGmo=,97P0D6IWPxUFe02s0KINpV17QFs=
-72,52,uySgqUKlm9aAS/Mr9STnssxFGmo=,z71nxmCYudXQXgrCklM6OastETs=
-73,52,uySgqUKlm9aAS/Mr9STnssxFGmo=,Tew4pQz/YmgQsYCLVRQ3R9D1Ocg=
-74,56,uySgqUKlm9aAS/Mr9STnssxFGmo=,97P0D6IWPxUFe02s0KINpV17QFs=
-75,56,uySgqUKlm9aAS/Mr9STnssxFGmo=,97P0D6IWPxUFe02s0KINpV17QFs=
-76,56,uySgqUKlm9aAS/Mr9STnssxFGmo=,97P0D6IWPxUFe02s0KINpV17QFs=
-77,56,uySgqUKlm9aAS/Mr9STnssxFGmo=,97P0D6IWPxUFe02s0KINpV17QFs=
-78,56,uySgqUKlm9aAS/Mr9STnssxFGmo=,97P0D6IWPxUFe02s0KINpV17QFs=
-74,55,uySgqUKlm9aAS/Mr9STnssxFGmo=,Tew4pQz/YmgQsYCLVRQ3R9D1Ocg=
-73,49,uySgqUKlm9aAS/Mr9STnssxFGmo=,Tew4pQz/YmgQsYCLVRQ3R9D1Ocg=
-74,52,uySgqUKlm9aAS/Mr9STnssxFGmo=,Tew4pQz/YmgQsYCLVRQ3R9D1Ocg=
-79,56,uySgqUKlm9aAS/Mr9STnssxFGmo=,97P0D6IWPxUFe02s0KINpV17QFs=
-72,56,uySgqUKlm9aAS/Mr9STnssxFGmo=,EHNGvdckjxiFcViEiukF/sgNktw=
-73,51,uySgqUKlm9aAS/Mr9STnssxFGmo=,Tew4pQz/YmgQsYCLVRQ3R9D1Ocg=
-76,52,uySgqUKlm9aAS/Mr9STnssxFGmo=,Tew4pQz/YmgQsYCLVRQ3R9D1Ocg=
-75,52,uySgqUKlm9aAS/Mr9STnssxFGmo=,Tew4pQz/YmgQsYCLVRQ3R9D1Ocg=
-73,55,uySgqUKlm9aAS/Mr9STnssxFGmo=,Tew4pQz/YmgQsYCLVRQ3R9D1Ocg=
-70,48,uySgqUKlm9aAS/Mr9STnssxFGmo=,z71nxmCYudXQXgrCklM6OastETs=
-71,48,uySgqUKlm9aAS/Mr9STnssxFGmo=,z71nxmCYudXQXgrCklM6OastETs=
-69,48,uySgqUKlm9aAS/Mr9STnssxFGmo=,z71nxmCYudXQXgrCklM6OastETs=
-77,48,uySgqUKlm9aAS/Mr9STnssxFGmo=,Tew4pQz/YmgQsYCLVRQ3R9D1Ocg=
-73,48,uySgqUKlm9aAS/Mr9STnssxFGmo=,Tew4pQz/YmgQsYCLVRQ3R9D1Ocg=
-75,48,uySgqUKlm9aAS/Mr9STnssxFGmo=,Tew4pQz/YmgQsYCLVRQ3R9D1Ocg=
-79,48,uySgqUKlm9aAS/Mr9STnssxFGmo=,Tew4pQz/YmgQsYCLVRQ3R9D1Ocg=
-76,48,uySgqUKlm9aAS/Mr9STnssxFGmo=,Tew4pQz/YmgQsYCLVRQ3R9D1Ocg=
-72,48,uySgqUKlm9aAS/Mr9STnssxFGmo=,z71nxmCYudXQXgrCklM6OastETs=
-74,48,uySgqUKlm9aAS/Mr9STnssxFGmo=,Tew4pQz/YmgQsYCLVRQ3R9D1Ocg=
-78,48,uySgqUKlm9aAS/Mr9STnssxFGmo=,Tew4pQz/YmgQsYCLVRQ3R9D1Ocg=
-66,48,uySgqUKlm9aAS/Mr9STnssxFGmo=,z71nxmCYudXQXgrCklM6OastETs=
-65,61,uySgqUKlm9aAS/Mr9STnssxFGmo=,EHNGvdckjxiFcViEiukF/sgNktw=
-65,59,uySgqUKlm9aAS/Mr9STnssxFGmo=,EHNGvdckjxiFcViEiukF/sgNktw=
-65,57,uySgqUKlm9aAS/Mr9STnssxFGmo=,EHNGvdckjxiFcViEiukF/sgNktw=
-65,55,uySgqUKlm9aAS/Mr9STnssxFGmo=,z71nxmCYudXQXgrCklM6OastETs=
-65,56,uySgqUKlm9aAS/Mr9STnssxFGmo=,EHNGvdckjxiFcViEiukF/sgNktw=
-65,54,uySgqUKlm9aAS/Mr9STnssxFGmo=,z71nxmCYudXQXgrCklM6OastETs=
-65,58,uySgqUKlm9aAS/Mr9STnssxFGmo=,EHNGvdckjxiFcViEiukF/sgNktw=
-65,62,uySgqUKlm9aAS/Mr9STnssxFGmo=,EHNGvdckjxiFcViEiukF/sgNktw=
-67,48,uySgqUKlm9aAS/Mr9STnssxFGmo=,z71nxmCYudXQXgrCklM6OastETs=
-65,60,uySgqUKlm9aAS/Mr9STnssxFGmo=,EHNGvdckjxiFcViEiukF/sgNktw=
-65,51,uySgqUKlm9aAS/Mr9STnssxFGmo=,z71nxmCYudXQXgrCklM6OastETs=
-68,48,uySgqUKlm9aAS/Mr9STnssxFGmo=,z71nxmCYudXQXgrCklM6OastETs=
-65,53,uySgqUKlm9aAS/Mr9STnssxFGmo=,z71nxmCYudXQXgrCklM6OastETs=
-65,52,uySgqUKlm9aAS/Mr9STnssxFGmo=,z71nxmCYudXQXgrCklM6OastETs=
-65,49,uySgqUKlm9aAS/Mr9STnssxFGmo=,z71nxmCYudXQXgrCklM6OastETs=
-65,50,uySgqUKlm9aAS/Mr9STnssxFGmo=,z71nxmCYudXQXgrCklM6OastETs=
-80,57,uySgqUKlm9aAS/Mr9STnssxFGmo=,97P0D6IWPxUFe02s0KINpV17QFs=
-80,62,uySgqUKlm9aAS/Mr9STnssxFGmo=,97P0D6IWPxUFe02s0KINpV17QFs=
-77,63,uySgqUKlm9aAS/Mr9STnssxFGmo=,97P0D6IWPxUFe02s0KINpV17QFs=
-80,61,uySgqUKlm9aAS/Mr9STnssxFGmo=,97P0D6IWPxUFe02s0KINpV17QFs=
-80,60,uySgqUKlm9aAS/Mr9STnssxFGmo=,97P0D6IWPxUFe02s0KINpV17QFs=
-76,63,uySgqUKlm9aAS/Mr9STnssxFGmo=,97P0D6IWPxUFe02s0KINpV17QFs=
-79,63,uySgqUKlm9aAS/Mr9STnssxFGmo=,97P0D6IWPxUFe02s0KINpV17QFs=
-80,59,uySgqUKlm9aAS/Mr9STnssxFGmo=,97P0D6IWPxUFe02s0KINpV17QFs=
-78,63,uySgqUKlm9aAS/Mr9STnssxFGmo=,97P0D6IWPxUFe02s0KINpV17QFs=
-73,63,uySgqUKlm9aAS/Mr9STnssxFGmo=,97P0D6IWPxUFe02s0KINpV17QFs=
-74,63,uySgqUKlm9aAS/Mr9STnssxFGmo=,97P0D6IWPxUFe02s0KINpV17QFs=
-75,63,uySgqUKlm9aAS/Mr9STnssxFGmo=,97P0D6IWPxUFe02s0KINpV17QFs=
-80,58,uySgqUKlm9aAS/Mr9STnssxFGmo=,97P0D6IWPxUFe02s0KINpV17QFs=
-66,63,uySgqUKlm9aAS/Mr9STnssxFGmo=,EHNGvdckjxiFcViEiukF/sgNktw=
-72,63,uySgqUKlm9aAS/Mr9STnssxFGmo=,EHNGvdckjxiFcViEiukF/sgNktw=
-67,63,uySgqUKlm9aAS/Mr9STnssxFGmo=,EHNGvdckjxiFcViEiukF/sgNktw=
-71,63,uySgqUKlm9aAS/Mr9STnssxFGmo=,EHNGvdckjxiFcViEiukF/sgNktw=
-80,53,uySgqUKlm9aAS/Mr9STnssxFGmo=,Tew4pQz/YmgQsYCLVRQ3R9D1Ocg=
-80,55,uySgqUKlm9aAS/Mr9STnssxFGmo=,Tew4pQz/YmgQsYCLVRQ3R9D1Ocg=
-80,51,uySgqUKlm9aAS/Mr9STnssxFGmo=,Tew4pQz/YmgQsYCLVRQ3R9D1Ocg=
-80,52,uySgqUKlm9aAS/Mr9STnssxFGmo=,Tew4pQz/YmgQsYCLVRQ3R9D1Ocg=
-80,54,uySgqUKlm9aAS/Mr9STnssxFGmo=,Tew4pQz/YmgQsYCLVRQ3R9D1Ocg=
-80,50,uySgqUKlm9aAS/Mr9STnssxFGmo=,Tew4pQz/YmgQsYCLVRQ3R9D1Ocg=
-80,49,uySgqUKlm9aAS/Mr9STnssxFGmo=,Tew4pQz/YmgQsYCLVRQ3R9D1Ocg=
-70,63,uySgqUKlm9aAS/Mr9STnssxFGmo=,EHNGvdckjxiFcViEiukF/sgNktw=
-68,63,uySgqUKlm9aAS/Mr9STnssxFGmo=,EHNGvdckjxiFcViEiukF/sgNktw=
-80,56,uySgqUKlm9aAS/Mr9STnssxFGmo=,97P0D6IWPxUFe02s0KINpV17QFs=
-69,63,uySgqUKlm9aAS/Mr9STnssxFGmo=,EHNGvdckjxiFcViEiukF/sgNktw=
-65,63,uySgqUKlm9aAS/Mr9STnssxFGmo=,EHNGvdckjxiFcViEiukF/sgNktw=
-80,48,uySgqUKlm9aAS/Mr9STnssxFGmo=,Tew4pQz/YmgQsYCLVRQ3R9D1Ocg=
-80,63,uySgqUKlm9aAS/Mr9STnssxFGmo=,97P0D6IWPxUFe02s0KINpV17QFs=
-65,48,uySgqUKlm9aAS/Mr9STnssxFGmo=,z71nxmCYudXQXgrCklM6OastETs=
-68,45,uySgqUKlm9aAS/Mr9STnssxFGmo=,b30dOwLgf3hmZJOYarbKClPl370=
-67,45,uySgqUKlm9aAS/Mr9STnssxFGmo=,b30dOwLgf3hmZJOYarbKClPl370=
-72,46,uySgqUKlm9aAS/Mr9STnssxFGmo=,b30dOwLgf3hmZJOYarbKClPl370=
-79,41,uySgqUKlm9aAS/Mr9STnssxFGmo=,taVY8TPFP4ABaTEev5ziJX2yziI=
-78,41,uySgqUKlm9aAS/Mr9STnssxFGmo=,taVY8TPFP4ABaTEev5ziJX2yziI=
-77,41,uySgqUKlm9aAS/Mr9STnssxFGmo=,taVY8TPFP4ABaTEev5ziJX2yziI=
-72,41,uySgqUKlm9aAS/Mr9STnssxFGmo=,b30dOwLgf3hmZJOYarbKClPl370=
-69,45,uySgqUKlm9aAS/Mr9STnssxFGmo=,b30dOwLgf3hmZJOYarbKClPl370=
-70,45,uySgqUKlm9aAS/Mr9STnssxFGmo=,b30dOwLgf3hmZJOYarbKClPl370=
-72,45,uySgqUKlm9aAS/Mr9STnssxFGmo=,b30dOwLgf3hmZJOYarbKClPl370=
-76,41,uySgqUKlm9aAS/Mr9STnssxFGmo=,taVY8TPFP4ABaTEev5ziJX2yziI=
-71,45,uySgqUKlm9aAS/Mr9STnssxFGmo=,b30dOwLgf3hmZJOYarbKClPl370=
-73,46,uySgqUKlm9aAS/Mr9STnssxFGmo=,taVY8TPFP4ABaTEev5ziJX2yziI=
-66,43,uySgqUKlm9aAS/Mr9STnssxFGmo=,b30dOwLgf3hmZJOYarbKClPl370=
-71,44,uySgqUKlm9aAS/Mr9STnssxFGmo=,b30dOwLgf3hmZJOYarbKClPl370=
-66,45,uySgqUKlm9aAS/Mr9STnssxFGmo=,b30dOwLgf3hmZJOYarbKClPl370=
-70,44,uySgqUKlm9aAS/Mr9STnssxFGmo=,b30dOwLgf3hmZJOYarbKClPl370=
-66,44,uySgqUKlm9aAS/Mr9STnssxFGmo=,b30dOwLgf3hmZJOYarbKClPl370=
-75,41,uySgqUKlm9aAS/Mr9STnssxFGmo=,taVY8TPFP4ABaTEev5ziJX2yziI=
-67,43,uySgqUKlm9aAS/Mr9STnssxFGmo=,b30dOwLgf3hmZJOYarbKClPl370=
-68,44,uySgqUKlm9aAS/Mr9STnssxFGmo=,b30dOwLgf3hmZJOYarbKClPl370=
-67,44,uySgqUKlm9aAS/Mr9STnssxFGmo=,b30dOwLgf3hmZJOYarbKClPl370=
-69,44,uySgqUKlm9aAS/Mr9STnssxFGmo=,b30dOwLgf3hmZJOYarbKClPl370=
-71,43,uySgqUKlm9aAS/Mr9STnssxFGmo=,b30dOwLgf3hmZJOYarbKClPl370=
-66,42,uySgqUKlm9aAS/Mr9STnssxFGmo=,b30dOwLgf3hmZJOYarbKClPl370=
-70,43,uySgqUKlm9aAS/Mr9STnssxFGmo=,b30dOwLgf3hmZJOYarbKClPl370=
-68,43,uySgqUKlm9aAS/Mr9STnssxFGmo=,b30dOwLgf3hmZJOYarbKClPl370=
-67,42,uySgqUKlm9aAS/Mr9STnssxFGmo=,b30dOwLgf3hmZJOYarbKClPl370=
-66,41,uySgqUKlm9aAS/Mr9STnssxFGmo=,b30dOwLgf3hmZJOYarbKClPl370=
-74,41,uySgqUKlm9aAS/Mr9STnssxFGmo=,taVY8TPFP4ABaTEev5ziJX2yziI=
-68,42,uySgqUKlm9aAS/Mr9STnssxFGmo=,b30dOwLgf3hmZJOYarbKClPl370=
-67,41,uySgqUKlm9aAS/Mr9STnssxFGmo=,b30dOwLgf3hmZJOYarbKClPl370=
-69,43,uySgqUKlm9aAS/Mr9STnssxFGmo=,b30dOwLgf3hmZJOYarbKClPl370=
-70,42,uySgqUKlm9aAS/Mr9STnssxFGmo=,b30dOwLgf3hmZJOYarbKClPl370=
-74,46,uySgqUKlm9aAS/Mr9STnssxFGmo=,taVY8TPFP4ABaTEev5ziJX2yziI=
-73,41,uySgqUKlm9aAS/Mr9STnssxFGmo=,taVY8TPFP4ABaTEev5ziJX2yziI=
-74,35,uySgqUKlm9aAS/Mr9STnssxFGmo=,wPXNVX3DQPAIBGvYbk+kXyY7vO0=
-68,41,uySgqUKlm9aAS/Mr9STnssxFGmo=,b30dOwLgf3hmZJOYarbKClPl370=
-71,41,uySgqUKlm9aAS/Mr9STnssxFGmo=,b30dOwLgf3hmZJOYarbKClPl370=
-76,46,uySgqUKlm9aAS/Mr9STnssxFGmo=,taVY8TPFP4ABaTEev5ziJX2yziI=
-77,46,uySgqUKlm9aAS/Mr9STnssxFGmo=,taVY8TPFP4ABaTEev5ziJX2yziI=
-70,41,uySgqUKlm9aAS/Mr9STnssxFGmo=,b30dOwLgf3hmZJOYarbKClPl370=
-69,41,uySgqUKlm9aAS/Mr9STnssxFGmo=,b30dOwLgf3hmZJOYarbKClPl370=
-66,46,uySgqUKlm9aAS/Mr9STnssxFGmo=,b30dOwLgf3hmZJOYarbKClPl370=
-72,42,uySgqUKlm9aAS/Mr9STnssxFGmo=,b30dOwLgf3hmZJOYarbKClPl370=
-76,39,uySgqUKlm9aAS/Mr9STnssxFGmo=,wPXNVX3DQPAIBGvYbk+kXyY7vO0=
-69,42,uySgqUKlm9aAS/Mr9STnssxFGmo=,b30dOwLgf3hmZJOYarbKClPl370=
-76,36,uySgqUKlm9aAS/Mr9STnssxFGmo=,wPXNVX3DQPAIBGvYbk+kXyY7vO0=
-79,42,uySgqUKlm9aAS/Mr9STnssxFGmo=,taVY8TPFP4ABaTEev5ziJX2yziI=
-74,37,uySgqUKlm9aAS/Mr9STnssxFGmo=,wPXNVX3DQPAIBGvYbk+kXyY7vO0=
-70,46,uySgqUKlm9aAS/Mr9STnssxFGmo=,b30dOwLgf3hmZJOYarbKClPl370=
-75,38,uySgqUKlm9aAS/Mr9STnssxFGmo=,wPXNVX3DQPAIBGvYbk+kXyY7vO0=
-72,44,uySgqUKlm9aAS/Mr9STnssxFGmo=,b30dOwLgf3hmZJOYarbKClPl370=
-78,46,uySgqUKlm9aAS/Mr9STnssxFGmo=,taVY8TPFP4ABaTEev5ziJX2yziI=
-79,46,uySgqUKlm9aAS/Mr9STnssxFGmo=,taVY8TPFP4ABaTEev5ziJX2yziI=
-69,46,uySgqUKlm9aAS/Mr9STnssxFGmo=,b30dOwLgf3hmZJOYarbKClPl370=
-73,45,uySgqUKlm9aAS/Mr9STnssxFGmo=,taVY8TPFP4ABaTEev5ziJX2yziI=
-75,39,uySgqUKlm9aAS/Mr9STnssxFGmo=,wPXNVX3DQPAIBGvYbk+kXyY7vO0=
-78,42,uySgqUKlm9aAS/Mr9STnssxFGmo=,taVY8TPFP4ABaTEev5ziJX2yziI=
-75,45,uySgqUKlm9aAS/Mr9STnssxFGmo=,taVY8TPFP4ABaTEev5ziJX2yziI=
-67,46,uySgqUKlm9aAS/Mr9STnssxFGmo=,b30dOwLgf3hmZJOYarbKClPl370=
-68,46,uySgqUKlm9aAS/Mr9STnssxFGmo=,b30dOwLgf3hmZJOYarbKClPl370=
-74,45,uySgqUKlm9aAS/Mr9STnssxFGmo=,taVY8TPFP4ABaTEev5ziJX2yziI=
-77,36,uySgqUKlm9aAS/Mr9STnssxFGmo=,wPXNVX3DQPAIBGvYbk+kXyY7vO0=
-78,36,uySgqUKlm9aAS/Mr9STnssxFGmo=,wPXNVX3DQPAIBGvYbk+kXyY7vO0=
-77,45,uySgqUKlm9aAS/Mr9STnssxFGmo=,taVY8TPFP4ABaTEev5ziJX2yziI=
-76,45,uySgqUKlm9aAS/Mr9STnssxFGmo=,taVY8TPFP4ABaTEev5ziJX2yziI=
-75,36,uySgqUKlm9aAS/Mr9STnssxFGmo=,wPXNVX3DQPAIBGvYbk+kXyY7vO0=
-79,45,uySgqUKlm9aAS/Mr9STnssxFGmo=,taVY8TPFP4ABaTEev5ziJX2yziI=
-78,45,uySgqUKlm9aAS/Mr9STnssxFGmo=,taVY8TPFP4ABaTEev5ziJX2yziI=
-77,42,uySgqUKlm9aAS/Mr9STnssxFGmo=,taVY8TPFP4ABaTEev5ziJX2yziI=
-74,33,uySgqUKlm9aAS/Mr9STnssxFGmo=,wPXNVX3DQPAIBGvYbk+kXyY7vO0=
-71,42,uySgqUKlm9aAS/Mr9STnssxFGmo=,b30dOwLgf3hmZJOYarbKClPl370=
-76,42,uySgqUKlm9aAS/Mr9STnssxFGmo=,taVY8TPFP4ABaTEev5ziJX2yziI=
-73,44,uySgqUKlm9aAS/Mr9STnssxFGmo=,taVY8TPFP4ABaTEev5ziJX2yziI=
-72,43,uySgqUKlm9aAS/Mr9STnssxFGmo=,b30dOwLgf3hmZJOYarbKClPl370=
-75,33,uySgqUKlm9aAS/Mr9STnssxFGmo=,wPXNVX3DQPAIBGvYbk+kXyY7vO0=
-75,35,uySgqUKlm9aAS/Mr9STnssxFGmo=,wPXNVX3DQPAIBGvYbk+kXyY7vO0=
-74,44,uySgqUKlm9aAS/Mr9STnssxFGmo=,taVY8TPFP4ABaTEev5ziJX2yziI=
-75,44,uySgqUKlm9aAS/Mr9STnssxFGmo=,taVY8TPFP4ABaTEev5ziJX2yziI=
-75,42,uySgqUKlm9aAS/Mr9STnssxFGmo=,taVY8TPFP4ABaTEev5ziJX2yziI=
-74,39,uySgqUKlm9aAS/Mr9STnssxFGmo=,wPXNVX3DQPAIBGvYbk+kXyY7vO0=
-76,44,uySgqUKlm9aAS/Mr9STnssxFGmo=,taVY8TPFP4ABaTEev5ziJX2yziI=
-77,39,uySgqUKlm9aAS/Mr9STnssxFGmo=,wPXNVX3DQPAIBGvYbk+kXyY7vO0=
-77,44,uySgqUKlm9aAS/Mr9STnssxFGmo=,taVY8TPFP4ABaTEev5ziJX2yziI=
-78,44,uySgqUKlm9aAS/Mr9STnssxFGmo=,taVY8TPFP4ABaTEev5ziJX2yziI=
-79,44,uySgqUKlm9aAS/Mr9STnssxFGmo=,taVY8TPFP4ABaTEev5ziJX2yziI=
-74,42,uySgqUKlm9aAS/Mr9STnssxFGmo=,taVY8TPFP4ABaTEev5ziJX2yziI=
-74,36,uySgqUKlm9aAS/Mr9STnssxFGmo=,wPXNVX3DQPAIBGvYbk+kXyY7vO0=
-74,43,uySgqUKlm9aAS/Mr9STnssxFGmo=,taVY8TPFP4ABaTEev5ziJX2yziI=
-73,43,uySgqUKlm9aAS/Mr9STnssxFGmo=,taVY8TPFP4ABaTEev5ziJX2yziI=
-75,43,uySgqUKlm9aAS/Mr9STnssxFGmo=,taVY8TPFP4ABaTEev5ziJX2yziI=
-73,42,uySgqUKlm9aAS/Mr9STnssxFGmo=,taVY8TPFP4ABaTEev5ziJX2yziI=
-79,40,uySgqUKlm9aAS/Mr9STnssxFGmo=,taVY8TPFP4ABaTEev5ziJX2yziI=
-76,43,uySgqUKlm9aAS/Mr9STnssxFGmo=,taVY8TPFP4ABaTEev5ziJX2yziI=
-78,43,uySgqUKlm9aAS/Mr9STnssxFGmo=,taVY8TPFP4ABaTEev5ziJX2yziI=
-77,35,uySgqUKlm9aAS/Mr9STnssxFGmo=,wPXNVX3DQPAIBGvYbk+kXyY7vO0=
-79,43,uySgqUKlm9aAS/Mr9STnssxFGmo=,taVY8TPFP4ABaTEev5ziJX2yziI=
-76,33,uySgqUKlm9aAS/Mr9STnssxFGmo=,wPXNVX3DQPAIBGvYbk+kXyY7vO0=
-78,40,uySgqUKlm9aAS/Mr9STnssxFGmo=,taVY8TPFP4ABaTEev5ziJX2yziI=
-76,38,uySgqUKlm9aAS/Mr9STnssxFGmo=,wPXNVX3DQPAIBGvYbk+kXyY7vO0=
-77,43,uySgqUKlm9aAS/Mr9STnssxFGmo=,taVY8TPFP4ABaTEev5ziJX2yziI=
-78,39,uySgqUKlm9aAS/Mr9STnssxFGmo=,wPXNVX3DQPAIBGvYbk+kXyY7vO0=
-79,39,uySgqUKlm9aAS/Mr9STnssxFGmo=,wPXNVX3DQPAIBGvYbk+kXyY7vO0=
-77,40,uySgqUKlm9aAS/Mr9STnssxFGmo=,taVY8TPFP4ABaTEev5ziJX2yziI=
-78,35,uySgqUKlm9aAS/Mr9STnssxFGmo=,wPXNVX3DQPAIBGvYbk+kXyY7vO0=
-79,35,uySgqUKlm9aAS/Mr9STnssxFGmo=,wPXNVX3DQPAIBGvYbk+kXyY7vO0=
-76,40,uySgqUKlm9aAS/Mr9STnssxFGmo=,taVY8TPFP4ABaTEev5ziJX2yziI=
-77,33,uySgqUKlm9aAS/Mr9STnssxFGmo=,wPXNVX3DQPAIBGvYbk+kXyY7vO0=
-78,33,uySgqUKlm9aAS/Mr9STnssxFGmo=,wPXNVX3DQPAIBGvYbk+kXyY7vO0=
-74,34,uySgqUKlm9aAS/Mr9STnssxFGmo=,wPXNVX3DQPAIBGvYbk+kXyY7vO0=
-75,40,uySgqUKlm9aAS/Mr9STnssxFGmo=,taVY8TPFP4ABaTEev5ziJX2yziI=
-75,37,uySgqUKlm9aAS/Mr9STnssxFGmo=,wPXNVX3DQPAIBGvYbk+kXyY7vO0=
-74,40,uySgqUKlm9aAS/Mr9STnssxFGmo=,taVY8TPFP4ABaTEev5ziJX2yziI=
-77,38,uySgqUKlm9aAS/Mr9STnssxFGmo=,wPXNVX3DQPAIBGvYbk+kXyY7vO0=
-75,34,uySgqUKlm9aAS/Mr9STnssxFGmo=,wPXNVX3DQPAIBGvYbk+kXyY7vO0=
-79,36,uySgqUKlm9aAS/Mr9STnssxFGmo=,wPXNVX3DQPAIBGvYbk+kXyY7vO0=
-76,37,uySgqUKlm9aAS/Mr9STnssxFGmo=,wPXNVX3DQPAIBGvYbk+kXyY7vO0=
-77,37,uySgqUKlm9aAS/Mr9STnssxFGmo=,wPXNVX3DQPAIBGvYbk+kXyY7vO0=
-74,38,uySgqUKlm9aAS/Mr9STnssxFGmo=,wPXNVX3DQPAIBGvYbk+kXyY7vO0=
-76,34,uySgqUKlm9aAS/Mr9STnssxFGmo=,wPXNVX3DQPAIBGvYbk+kXyY7vO0=
-75,46,uySgqUKlm9aAS/Mr9STnssxFGmo=,taVY8TPFP4ABaTEev5ziJX2yziI=
-78,37,uySgqUKlm9aAS/Mr9STnssxFGmo=,wPXNVX3DQPAIBGvYbk+kXyY7vO0=
-79,34,uySgqUKlm9aAS/Mr9STnssxFGmo=,wPXNVX3DQPAIBGvYbk+kXyY7vO0=
-78,38,uySgqUKlm9aAS/Mr9STnssxFGmo=,wPXNVX3DQPAIBGvYbk+kXyY7vO0=
-79,38,uySgqUKlm9aAS/Mr9STnssxFGmo=,wPXNVX3DQPAIBGvYbk+kXyY7vO0=
-79,37,uySgqUKlm9aAS/Mr9STnssxFGmo=,wPXNVX3DQPAIBGvYbk+kXyY7vO0=
-77,34,uySgqUKlm9aAS/Mr9STnssxFGmo=,wPXNVX3DQPAIBGvYbk+kXyY7vO0=
-78,34,uySgqUKlm9aAS/Mr9STnssxFGmo=,wPXNVX3DQPAIBGvYbk+kXyY7vO0=
-76,35,uySgqUKlm9aAS/Mr9STnssxFGmo=,wPXNVX3DQPAIBGvYbk+kXyY7vO0=
-71,46,uySgqUKlm9aAS/Mr9STnssxFGmo=,b30dOwLgf3hmZJOYarbKClPl370=
-79,33,uySgqUKlm9aAS/Mr9STnssxFGmo=,wPXNVX3DQPAIBGvYbk+kXyY7vO0=
-73,37,uySgqUKlm9aAS/Mr9STnssxFGmo=,wPXNVX3DQPAIBGvYbk+kXyY7vO0=
-71,35,uySgqUKlm9aAS/Mr9STnssxFGmo=,rVGdW1gfZEBFtLFVnASxgBwZcjg=
-72,35,uySgqUKlm9aAS/Mr9STnssxFGmo=,rVGdW1gfZEBFtLFVnASxgBwZcjg=
-70,35,uySgqUKlm9aAS/Mr9STnssxFGmo=,rVGdW1gfZEBFtLFVnASxgBwZcjg=
-68,35,uySgqUKlm9aAS/Mr9STnssxFGmo=,rVGdW1gfZEBFtLFVnASxgBwZcjg=
-69,35,uySgqUKlm9aAS/Mr9STnssxFGmo=,rVGdW1gfZEBFtLFVnASxgBwZcjg=
-66,39,uySgqUKlm9aAS/Mr9STnssxFGmo=,rVGdW1gfZEBFtLFVnASxgBwZcjg=
-67,34,uySgqUKlm9aAS/Mr9STnssxFGmo=,rVGdW1gfZEBFtLFVnASxgBwZcjg=
-66,34,uySgqUKlm9aAS/Mr9STnssxFGmo=,rVGdW1gfZEBFtLFVnASxgBwZcjg=
-67,39,uySgqUKlm9aAS/Mr9STnssxFGmo=,rVGdW1gfZEBFtLFVnASxgBwZcjg=
-69,34,uySgqUKlm9aAS/Mr9STnssxFGmo=,rVGdW1gfZEBFtLFVnASxgBwZcjg=
-73,33,uySgqUKlm9aAS/Mr9STnssxFGmo=,wPXNVX3DQPAIBGvYbk+kXyY7vO0=
-68,34,uySgqUKlm9aAS/Mr9STnssxFGmo=,rVGdW1gfZEBFtLFVnASxgBwZcjg=
-71,39,uySgqUKlm9aAS/Mr9STnssxFGmo=,rVGdW1gfZEBFtLFVnASxgBwZcjg=
-70,39,uySgqUKlm9aAS/Mr9STnssxFGmo=,rVGdW1gfZEBFtLFVnASxgBwZcjg=
-66,38,uySgqUKlm9aAS/Mr9STnssxFGmo=,rVGdW1gfZEBFtLFVnASxgBwZcjg=
-70,38,uySgqUKlm9aAS/Mr9STnssxFGmo=,rVGdW1gfZEBFtLFVnASxgBwZcjg=
-68,39,uySgqUKlm9aAS/Mr9STnssxFGmo=,rVGdW1gfZEBFtLFVnASxgBwZcjg=
-73,39,uySgqUKlm9aAS/Mr9STnssxFGmo=,wPXNVX3DQPAIBGvYbk+kXyY7vO0=
-71,38,uySgqUKlm9aAS/Mr9STnssxFGmo=,rVGdW1gfZEBFtLFVnASxgBwZcjg=
-72,38,uySgqUKlm9aAS/Mr9STnssxFGmo=,rVGdW1gfZEBFtLFVnASxgBwZcjg=
-70,34,uySgqUKlm9aAS/Mr9STnssxFGmo=,rVGdW1gfZEBFtLFVnASxgBwZcjg=
-69,38,uySgqUKlm9aAS/Mr9STnssxFGmo=,rVGdW1gfZEBFtLFVnASxgBwZcjg=
-71,34,uySgqUKlm9aAS/Mr9STnssxFGmo=,rVGdW1gfZEBFtLFVnASxgBwZcjg=
-73,34,uySgqUKlm9aAS/Mr9STnssxFGmo=,wPXNVX3DQPAIBGvYbk+kXyY7vO0=
-72,34,uySgqUKlm9aAS/Mr9STnssxFGmo=,rVGdW1gfZEBFtLFVnASxgBwZcjg=
-73,35,uySgqUKlm9aAS/Mr9STnssxFGmo=,wPXNVX3DQPAIBGvYbk+kXyY7vO0=
-68,38,uySgqUKlm9aAS/Mr9STnssxFGmo=,rVGdW1gfZEBFtLFVnASxgBwZcjg=
-66,37,uySgqUKlm9aAS/Mr9STnssxFGmo=,rVGdW1gfZEBFtLFVnASxgBwZcjg=
-67,38,uySgqUKlm9aAS/Mr9STnssxFGmo=,rVGdW1gfZEBFtLFVnASxgBwZcjg=
-67,33,uySgqUKlm9aAS/Mr9STnssxFGmo=,rVGdW1gfZEBFtLFVnASxgBwZcjg=
-72,40,uySgqUKlm9aAS/Mr9STnssxFGmo=,b30dOwLgf3hmZJOYarbKClPl370=
-69,39,uySgqUKlm9aAS/Mr9STnssxFGmo=,rVGdW1gfZEBFtLFVnASxgBwZcjg=
-70,33,uySgqUKlm9aAS/Mr9STnssxFGmo=,rVGdW1gfZEBFtLFVnASxgBwZcjg=
-66,33,uySgqUKlm9aAS/Mr9STnssxFGmo=,rVGdW1gfZEBFtLFVnASxgBwZcjg=
-67,37,uySgqUKlm9aAS/Mr9STnssxFGmo=,rVGdW1gfZEBFtLFVnASxgBwZcjg=
-69,33,uySgqUKlm9aAS/Mr9STnssxFGmo=,rVGdW1gfZEBFtLFVnASxgBwZcjg=
-69,37,uySgqUKlm9aAS/Mr9STnssxFGmo=,rVGdW1gfZEBFtLFVnASxgBwZcjg=
-72,33,uySgqUKlm9aAS/Mr9STnssxFGmo=,rVGdW1gfZEBFtLFVnASxgBwZcjg=
-71,33,uySgqUKlm9aAS/Mr9STnssxFGmo=,rVGdW1gfZEBFtLFVnASxgBwZcjg=
-68,33,uySgqUKlm9aAS/Mr9STnssxFGmo=,rVGdW1gfZEBFtLFVnASxgBwZcjg=
-68,37,uySgqUKlm9aAS/Mr9STnssxFGmo=,rVGdW1gfZEBFtLFVnASxgBwZcjg=
-72,39,uySgqUKlm9aAS/Mr9STnssxFGmo=,rVGdW1gfZEBFtLFVnASxgBwZcjg=
-71,40,uySgqUKlm9aAS/Mr9STnssxFGmo=,b30dOwLgf3hmZJOYarbKClPl370=
-70,37,uySgqUKlm9aAS/Mr9STnssxFGmo=,rVGdW1gfZEBFtLFVnASxgBwZcjg=
-72,37,uySgqUKlm9aAS/Mr9STnssxFGmo=,rVGdW1gfZEBFtLFVnASxgBwZcjg=
-73,38,uySgqUKlm9aAS/Mr9STnssxFGmo=,wPXNVX3DQPAIBGvYbk+kXyY7vO0=
-66,40,uySgqUKlm9aAS/Mr9STnssxFGmo=,b30dOwLgf3hmZJOYarbKClPl370=
-67,40,uySgqUKlm9aAS/Mr9STnssxFGmo=,b30dOwLgf3hmZJOYarbKClPl370=
-73,36,uySgqUKlm9aAS/Mr9STnssxFGmo=,wPXNVX3DQPAIBGvYbk+kXyY7vO0=
-71,36,uySgqUKlm9aAS/Mr9STnssxFGmo=,rVGdW1gfZEBFtLFVnASxgBwZcjg=
-70,36,uySgqUKlm9aAS/Mr9STnssxFGmo=,rVGdW1gfZEBFtLFVnASxgBwZcjg=
-72,36,uySgqUKlm9aAS/Mr9STnssxFGmo=,rVGdW1gfZEBFtLFVnASxgBwZcjg=
-71,37,uySgqUKlm9aAS/Mr9STnssxFGmo=,rVGdW1gfZEBFtLFVnASxgBwZcjg=
-70,40,uySgqUKlm9aAS/Mr9STnssxFGmo=,b30dOwLgf3hmZJOYarbKClPl370=
-69,36,uySgqUKlm9aAS/Mr9STnssxFGmo=,rVGdW1gfZEBFtLFVnASxgBwZcjg=
-67,36,uySgqUKlm9aAS/Mr9STnssxFGmo=,rVGdW1gfZEBFtLFVnASxgBwZcjg=
-66,36,uySgqUKlm9aAS/Mr9STnssxFGmo=,rVGdW1gfZEBFtLFVnASxgBwZcjg=
-73,40,uySgqUKlm9aAS/Mr9STnssxFGmo=,taVY8TPFP4ABaTEev5ziJX2yziI=
-68,36,uySgqUKlm9aAS/Mr9STnssxFGmo=,rVGdW1gfZEBFtLFVnASxgBwZcjg=
-68,40,uySgqUKlm9aAS/Mr9STnssxFGmo=,b30dOwLgf3hmZJOYarbKClPl370=
-69,40,uySgqUKlm9aAS/Mr9STnssxFGmo=,b30dOwLgf3hmZJOYarbKClPl370=
-66,35,uySgqUKlm9aAS/Mr9STnssxFGmo=,rVGdW1gfZEBFtLFVnASxgBwZcjg=
-67,35,uySgqUKlm9aAS/Mr9STnssxFGmo=,rVGdW1gfZEBFtLFVnASxgBwZcjg=
-75,32,uySgqUKlm9aAS/Mr9STnssxFGmo=,wPXNVX3DQPAIBGvYbk+kXyY7vO0=
-65,38,uySgqUKlm9aAS/Mr9STnssxFGmo=,rVGdW1gfZEBFtLFVnASxgBwZcjg=
-65,37,uySgqUKlm9aAS/Mr9STnssxFGmo=,rVGdW1gfZEBFtLFVnASxgBwZcjg=
-74,32,uySgqUKlm9aAS/Mr9STnssxFGmo=,wPXNVX3DQPAIBGvYbk+kXyY7vO0=
-79,32,uySgqUKlm9aAS/Mr9STnssxFGmo=,wPXNVX3DQPAIBGvYbk+kXyY7vO0=
-76,32,uySgqUKlm9aAS/Mr9STnssxFGmo=,wPXNVX3DQPAIBGvYbk+kXyY7vO0=
-78,32,uySgqUKlm9aAS/Mr9STnssxFGmo=,wPXNVX3DQPAIBGvYbk+kXyY7vO0=
-65,35,uySgqUKlm9aAS/Mr9STnssxFGmo=,rVGdW1gfZEBFtLFVnASxgBwZcjg=
-65,45,uySgqUKlm9aAS/Mr9STnssxFGmo=,b30dOwLgf3hmZJOYarbKClPl370=
-77,32,uySgqUKlm9aAS/Mr9STnssxFGmo=,wPXNVX3DQPAIBGvYbk+kXyY7vO0=
-65,36,uySgqUKlm9aAS/Mr9STnssxFGmo=,rVGdW1gfZEBFtLFVnASxgBwZcjg=
-65,34,uySgqUKlm9aAS/Mr9STnssxFGmo=,rVGdW1gfZEBFtLFVnASxgBwZcjg=
-69,32,uySgqUKlm9aAS/Mr9STnssxFGmo=,rVGdW1gfZEBFtLFVnASxgBwZcjg=
-65,44,uySgqUKlm9aAS/Mr9STnssxFGmo=,b30dOwLgf3hmZJOYarbKClPl370=
-70,32,uySgqUKlm9aAS/Mr9STnssxFGmo=,rVGdW1gfZEBFtLFVnASxgBwZcjg=
-72,32,uySgqUKlm9aAS/Mr9STnssxFGmo=,rVGdW1gfZEBFtLFVnASxgBwZcjg=
-71,32,uySgqUKlm9aAS/Mr9STnssxFGmo=,rVGdW1gfZEBFtLFVnASxgBwZcjg=
-65,33,uySgqUKlm9aAS/Mr9STnssxFGmo=,rVGdW1gfZEBFtLFVnASxgBwZcjg=
-65,46,uySgqUKlm9aAS/Mr9STnssxFGmo=,b30dOwLgf3hmZJOYarbKClPl370=
-65,42,uySgqUKlm9aAS/Mr9STnssxFGmo=,b30dOwLgf3hmZJOYarbKClPl370=
-73,32,uySgqUKlm9aAS/Mr9STnssxFGmo=,wPXNVX3DQPAIBGvYbk+kXyY7vO0=
-68,32,uySgqUKlm9aAS/Mr9STnssxFGmo=,rVGdW1gfZEBFtLFVnASxgBwZcjg=
-65,39,uySgqUKlm9aAS/Mr9STnssxFGmo=,rVGdW1gfZEBFtLFVnASxgBwZcjg=
-65,43,uySgqUKlm9aAS/Mr9STnssxFGmo=,b30dOwLgf3hmZJOYarbKClPl370=
-65,41,uySgqUKlm9aAS/Mr9STnssxFGmo=,b30dOwLgf3hmZJOYarbKClPl370=
-65,40,uySgqUKlm9aAS/Mr9STnssxFGmo=,b30dOwLgf3hmZJOYarbKClPl370=
-66,32,uySgqUKlm9aAS/Mr9STnssxFGmo=,rVGdW1gfZEBFtLFVnASxgBwZcjg=
-67,32,uySgqUKlm9aAS/Mr9STnssxFGmo=,rVGdW1gfZEBFtLFVnASxgBwZcjg=
-80,41,uySgqUKlm9aAS/Mr9STnssxFGmo=,taVY8TPFP4ABaTEev5ziJX2yziI=
-76,47,uySgqUKlm9aAS/Mr9STnssxFGmo=,taVY8TPFP4ABaTEev5ziJX2yziI=
-77,47,uySgqUKlm9aAS/Mr9STnssxFGmo=,taVY8TPFP4ABaTEev5ziJX2yziI=
-79,47,uySgqUKlm9aAS/Mr9STnssxFGmo=,taVY8TPFP4ABaTEev5ziJX2yziI=
-80,46,uySgqUKlm9aAS/Mr9STnssxFGmo=,taVY8TPFP4ABaTEev5ziJX2yziI=
-80,44,uySgqUKlm9aAS/Mr9STnssxFGmo=,taVY8TPFP4ABaTEev5ziJX2yziI=
-80,45,uySgqUKlm9aAS/Mr9STnssxFGmo=,taVY8TPFP4ABaTEev5ziJX2yziI=
-78,47,uySgqUKlm9aAS/Mr9STnssxFGmo=,taVY8TPFP4ABaTEev5ziJX2yziI=
-75,47,uySgqUKlm9aAS/Mr9STnssxFGmo=,taVY8TPFP4ABaTEev5ziJX2yziI=
-80,40,uySgqUKlm9aAS/Mr9STnssxFGmo=,taVY8TPFP4ABaTEev5ziJX2yziI=
-80,43,uySgqUKlm9aAS/Mr9STnssxFGmo=,taVY8TPFP4ABaTEev5ziJX2yziI=
-74,47,uySgqUKlm9aAS/Mr9STnssxFGmo=,taVY8TPFP4ABaTEev5ziJX2yziI=
-80,42,uySgqUKlm9aAS/Mr9STnssxFGmo=,taVY8TPFP4ABaTEev5ziJX2yziI=
-80,35,uySgqUKlm9aAS/Mr9STnssxFGmo=,wPXNVX3DQPAIBGvYbk+kXyY7vO0=
-80,36,uySgqUKlm9aAS/Mr9STnssxFGmo=,wPXNVX3DQPAIBGvYbk+kXyY7vO0=
-80,39,uySgqUKlm9aAS/Mr9STnssxFGmo=,wPXNVX3DQPAIBGvYbk+kXyY7vO0=
-80,38,uySgqUKlm9aAS/Mr9STnssxFGmo=,wPXNVX3DQPAIBGvYbk+kXyY7vO0=
-80,37,uySgqUKlm9aAS/Mr9STnssxFGmo=,wPXNVX3DQPAIBGvYbk+kXyY7vO0=
-80,33,uySgqUKlm9aAS/Mr9STnssxFGmo=,wPXNVX3DQPAIBGvYbk+kXyY7vO0=
-80,34,uySgqUKlm9aAS/Mr9STnssxFGmo=,wPXNVX3DQPAIBGvYbk+kXyY7vO0=
-73,47,uySgqUKlm9aAS/Mr9STnssxFGmo=,taVY8TPFP4ABaTEev5ziJX2yziI=
-66,47,uySgqUKlm9aAS/Mr9STnssxFGmo=,b30dOwLgf3hmZJOYarbKClPl370=
-71,47,uySgqUKlm9aAS/Mr9STnssxFGmo=,b30dOwLgf3hmZJOYarbKClPl370=
-72,47,uySgqUKlm9aAS/Mr9STnssxFGmo=,b30dOwLgf3hmZJOYarbKClPl370=
-69,47,uySgqUKlm9aAS/Mr9STnssxFGmo=,b30dOwLgf3hmZJOYarbKClPl370=
-70,47,uySgqUKlm9aAS/Mr9STnssxFGmo=,b30dOwLgf3hmZJOYarbKClPl370=
-68,47,uySgqUKlm9aAS/Mr9STnssxFGmo=,b30dOwLgf3hmZJOYarbKClPl370=
-67,47,uySgqUKlm9aAS/Mr9STnssxFGmo=,b30dOwLgf3hmZJOYarbKClPl370=
-80,47,uySgqUKlm9aAS/Mr9STnssxFGmo=,taVY8TPFP4ABaTEev5ziJX2yziI=
-80,32,uySgqUKlm9aAS/Mr9STnssxFGmo=,wPXNVX3DQPAIBGvYbk+kXyY7vO0=
-65,47,uySgqUKlm9aAS/Mr9STnssxFGmo=,b30dOwLgf3hmZJOYarbKClPl370=
-65,32,uySgqUKlm9aAS/Mr9STnssxFGmo=,rVGdW1gfZEBFtLFVnASxgBwZcjg=
